timestamp,date,time,weekday,rank,summary,distance_km,duration_min,traffic_min,delay_min
2026-05-06T14:33:00.841765,2026-05-06,14:33,Wednesday,1,S Maryland Pkwy,13.1,19.8,22.0,2.2
2026-05-06T14:33:00.841765,2026-05-06,14:33,Wednesday,2,Bermuda Rd,14.49,21.6,23.1,1.6
2026-05-06T14:33:00.841765,2026-05-06,14:33,Wednesday,3,S Eastern Ave,13.57,23.1,25.0,2.0
2026-05-06T14:38:01.554832,2026-05-06,14:38,Wednesday,1,S Maryland Pkwy,13.1,19.8,21.9,2.1
2026-05-06T14:38:01.554832,2026-05-06,14:38,Wednesday,2,Bermuda Rd,14.49,21.6,23.0,1.5
2026-05-06T14:38:01.554832,2026-05-06,14:38,Wednesday,3,S Eastern Ave,13.57,23.1,25.2,2.1
2026-05-06T14:43:02.030042,2026-05-06,14:43,Wednesday,1,S Maryland Pkwy,13.1,19.8,21.8,1.9
2026-05-06T14:43:02.030042,2026-05-06,14:43,Wednesday,2,Bermuda Rd,14.49,21.6,22.8,1.2
2026-05-06T14:43:02.030042,2026-05-06,14:43,Wednesday,3,S Eastern Ave,13.57,23.1,24.8,1.8
2026-05-06T14:48:02.568578,2026-05-06,14:48,Wednesday,1,S Maryland Pkwy,13.1,19.8,21.7,1.9
2026-05-06T14:48:02.568578,2026-05-06,14:48,Wednesday,2,Bermuda Rd,14.49,21.6,22.9,1.4
2026-05-06T14:48:02.568578,2026-05-06,14:48,Wednesday,3,S Eastern Ave,13.57,23.1,25.2,2.1
2026-05-06T14:53:03.254062,2026-05-06,14:53,Wednesday,1,S Maryland Pkwy,13.1,19.8,21.9,2.1
2026-05-06T14:53:03.254062,2026-05-06,14:53,Wednesday,2,Bermuda Rd,14.49,21.6,23.0,1.4
2026-05-06T14:53:03.254062,2026-05-06,14:53,Wednesday,3,S Eastern Ave,13.57,23.1,25.1,2.1
2026-05-06T14:58:03.720708,2026-05-06,14:58,Wednesday,1,S Maryland Pkwy,13.1,19.8,22.1,2.2
2026-05-06T14:58:03.720708,2026-05-06,14:58,Wednesday,2,Bermuda Rd,14.49,21.6,22.9,1.4
2026-05-06T14:58:03.720708,2026-05-06,14:58,Wednesday,3,S Eastern Ave,13.57,23.1,25.0,2.0
2026-05-06T15:03:04.366469,2026-05-06,15:03,Wednesday,1,S Maryland Pkwy,13.1,19.8,22.4,2.6
2026-05-06T15:03:04.366469,2026-05-06,15:03,Wednesday,2,S Spencer St,12.65,19.9,23.3,3.4
2026-05-06T15:03:04.366469,2026-05-06,15:03,Wednesday,3,St Rose Pkwy,13.48,22.1,25.4,3.3
2026-05-06T15:08:04.934761,2026-05-06,15:08,Wednesday,1,Bermuda Rd,14.49,21.6,23.0,1.5
2026-05-06T15:08:04.934761,2026-05-06,15:08,Wednesday,2,S Maryland Pkwy,13.1,19.8,23.2,3.4
2026-05-06T15:08:04.934761,2026-05-06,15:08,Wednesday,3,S Eastern Ave,13.57,23.1,25.2,2.2
2026-05-06T15:13:05.435328,2026-05-06,15:13,Wednesday,1,Bermuda Rd,14.49,21.6,23.1,1.6
2026-05-06T15:13:05.435328,2026-05-06,15:13,Wednesday,2,S Spencer St,12.65,19.9,23.5,3.7
2026-05-06T15:13:05.435328,2026-05-06,15:13,Wednesday,3,S Eastern Ave,13.57,23.1,25.4,2.4
2026-05-06T15:18:05.926967,2026-05-06,15:18,Wednesday,1,Bermuda Rd,14.49,21.6,23.0,1.5
2026-05-06T15:18:05.926967,2026-05-06,15:18,Wednesday,2,S Spencer St,12.65,19.9,23.6,3.7
2026-05-06T15:18:05.926967,2026-05-06,15:18,Wednesday,3,S Eastern Ave,13.57,23.1,25.0,1.9
2026-05-06T15:23:06.525760,2026-05-06,15:23,Wednesday,1,S Maryland Pkwy,13.1,19.8,23.0,3.2
2026-05-06T15:23:06.525760,2026-05-06,15:23,Wednesday,2,Bermuda Rd,14.49,21.6,23.2,1.7
2026-05-06T15:23:06.525760,2026-05-06,15:23,Wednesday,3,S Eastern Ave,13.57,23.1,25.0,2.0
2026-05-06T15:28:06.985549,2026-05-06,15:28,Wednesday,1,S Maryland Pkwy,13.1,19.8,22.9,3.1
2026-05-06T15:28:06.985549,2026-05-06,15:28,Wednesday,2,Bermuda Rd,14.49,21.6,23.1,1.5
2026-05-06T15:28:06.985549,2026-05-06,15:28,Wednesday,3,S Eastern Ave,13.57,23.1,25.5,2.4
2026-05-06T15:33:07.564263,2026-05-06,15:33,Wednesday,1,S Maryland Pkwy,13.1,19.8,23.2,3.4
2026-05-06T15:33:07.564263,2026-05-06,15:33,Wednesday,2,S Spencer St,12.65,19.9,23.8,3.9
2026-05-06T15:33:07.564263,2026-05-06,15:33,Wednesday,3,S Eastern Ave,13.57,23.1,24.8,1.7
2026-05-06T15:38:08.052077,2026-05-06,15:38,Wednesday,1,S Maryland Pkwy,13.1,19.8,22.8,2.9
2026-05-06T15:38:08.052077,2026-05-06,15:38,Wednesday,2,S Spencer St,12.65,19.9,23.1,3.2
2026-05-06T15:38:08.052077,2026-05-06,15:38,Wednesday,3,S Eastern Ave,13.57,23.1,24.9,1.8
2026-05-06T15:43:08.630864,2026-05-06,15:43,Wednesday,1,S Spencer St,12.65,19.9,22.6,2.8
2026-05-06T15:43:08.630864,2026-05-06,15:43,Wednesday,2,Bermuda Rd,14.49,21.6,22.8,1.3
2026-05-06T15:43:08.630864,2026-05-06,15:43,Wednesday,3,S Eastern Ave,13.57,23.1,24.5,1.5
2026-05-06T16:49:16.000410,2026-05-06,16:49,Wednesday,1,S Maryland Pkwy,13.1,19.8,21.8,2.0
2026-05-06T16:49:16.000410,2026-05-06,16:49,Wednesday,2,Bermuda Rd,14.49,21.6,22.7,1.1
2026-05-06T16:49:16.000410,2026-05-06,16:49,Wednesday,3,S Eastern Ave,13.57,23.1,24.4,1.4
2026-05-07T07:01:30.616973,2026-05-07,07:01,Thursday,1,S Maryland Pkwy,13.1,19.8,19.9,0.0
2026-05-07T07:01:30.616973,2026-05-07,07:01,Thursday,2,S Spencer St,12.65,19.9,20.4,0.5
2026-05-07T07:01:30.616973,2026-05-07,07:01,Thursday,3,S Eastern Ave,13.07,23.1,21.7,-1.4
2026-05-07T07:06:31.322027,2026-05-07,07:06,Thursday,1,S Spencer St,12.65,19.9,20.2,0.3
2026-05-07T07:06:31.322027,2026-05-07,07:06,Thursday,2,S Eastern Ave,13.07,23.1,21.4,-1.8
2026-05-07T07:06:31.322027,2026-05-07,07:06,Thursday,3,I-15 S,27.18,24.6,26.8,2.1
2026-05-07T07:11:31.858367,2026-05-07,07:11,Thursday,1,S Maryland Pkwy,13.1,19.8,20.1,0.3
2026-05-07T07:11:31.858367,2026-05-07,07:11,Thursday,2,S Spencer St,12.65,19.9,20.2,0.3
2026-05-07T07:11:31.858367,2026-05-07,07:11,Thursday,3,S Eastern Ave,13.07,23.1,21.4,-1.8
2026-05-07T07:16:32.327870,2026-05-07,07:16,Thursday,1,S Spencer St,12.65,19.9,20.1,0.2
2026-05-07T07:16:32.327870,2026-05-07,07:16,Thursday,2,S Maryland Pkwy,13.1,19.8,20.2,0.4
2026-05-07T07:16:32.327870,2026-05-07,07:16,Thursday,3,S Eastern Ave,13.07,23.1,21.8,-1.4
2026-05-07T07:21:32.923748,2026-05-07,07:21,Thursday,1,S Maryland Pkwy,13.1,19.8,20.1,0.3
2026-05-07T07:21:32.923748,2026-05-07,07:21,Thursday,2,S Spencer St,12.65,19.9,20.2,0.3
2026-05-07T07:21:32.923748,2026-05-07,07:21,Thursday,3,S Eastern Ave,13.07,23.1,22.1,-1.1
2026-05-07T07:26:33.442962,2026-05-07,07:26,Thursday,1,S Maryland Pkwy,13.1,19.8,20.2,0.4
2026-05-07T07:26:33.442962,2026-05-07,07:26,Thursday,2,S Spencer St,12.65,19.9,20.4,0.5
2026-05-07T07:26:33.442962,2026-05-07,07:26,Thursday,3,S Eastern Ave,13.07,23.1,22.5,-0.6
2026-05-07T07:31:33.981325,2026-05-07,07:31,Thursday,1,S Maryland Pkwy,13.1,19.8,20.3,0.5
2026-05-07T07:31:33.981325,2026-05-07,07:31,Thursday,2,S Spencer St,12.65,19.9,20.5,0.7
2026-05-07T07:31:33.981325,2026-05-07,07:31,Thursday,3,S Eastern Ave,13.57,23.1,22.1,-1.0
2026-05-07T07:36:34.530541,2026-05-07,07:36,Thursday,1,S Maryland Pkwy,13.1,19.8,20.5,0.7
2026-05-07T07:36:34.530541,2026-05-07,07:36,Thursday,2,S Spencer St,12.65,19.9,20.6,0.8
2026-05-07T07:36:34.530541,2026-05-07,07:36,Thursday,3,S Eastern Ave,13.07,23.1,23.1,-0.1
2026-05-07T07:41:35.042676,2026-05-07,07:41,Thursday,1,S Spencer St,12.65,19.9,20.4,0.6
2026-05-07T07:41:35.042676,2026-05-07,07:41,Thursday,2,S Maryland Pkwy,13.1,19.8,20.6,0.8
2026-05-07T07:41:35.042676,2026-05-07,07:41,Thursday,3,S Eastern Ave,13.57,23.1,22.6,-0.5
2026-05-07T07:46:35.532387,2026-05-07,07:46,Thursday,1,S Spencer St,12.65,19.9,20.3,0.5
2026-05-07T07:46:35.532387,2026-05-07,07:46,Thursday,2,S Maryland Pkwy,13.1,19.8,20.5,0.7
2026-05-07T07:46:35.532387,2026-05-07,07:46,Thursday,3,S Eastern Ave,13.57,23.1,22.7,-0.3
2026-05-07T07:51:36.130762,2026-05-07,07:51,Thursday,1,S Spencer St,12.65,19.9,20.5,0.6
2026-05-07T07:51:36.130762,2026-05-07,07:51,Thursday,2,S Maryland Pkwy,13.1,19.8,20.6,0.8
2026-05-07T07:51:36.130762,2026-05-07,07:51,Thursday,3,S Eastern Ave,13.57,23.1,22.7,-0.3
2026-05-07T07:56:36.590483,2026-05-07,07:56,Thursday,1,S Spencer St,12.65,19.9,20.4,0.6
2026-05-07T07:56:36.590483,2026-05-07,07:56,Thursday,2,S Maryland Pkwy,13.1,19.8,20.7,0.9
2026-05-07T07:56:36.590483,2026-05-07,07:56,Thursday,3,S Eastern Ave,13.57,23.1,22.8,-0.2
2026-05-07T08:01:37.181127,2026-05-07,08:01,Thursday,1,S Spencer St,12.65,19.9,20.4,0.5
2026-05-07T08:01:37.181127,2026-05-07,08:01,Thursday,2,S Maryland Pkwy,13.1,19.8,20.4,0.6
2026-05-07T08:01:37.181127,2026-05-07,08:01,Thursday,3,S Eastern Ave,13.57,23.1,22.9,-0.2
2026-05-07T08:06:37.787532,2026-05-07,08:06,Thursday,1,S Spencer St,12.65,19.9,19.9,0.1
2026-05-07T08:06:37.787532,2026-05-07,08:06,Thursday,2,S Maryland Pkwy,13.1,19.8,20.1,0.3
2026-05-07T08:06:37.787532,2026-05-07,08:06,Thursday,3,S Eastern Ave,13.57,23.1,22.1,-0.9
2026-05-07T08:11:38.401691,2026-05-07,08:11,Thursday,1,S Spencer St,12.65,19.9,19.9,0.0
2026-05-07T08:11:38.401691,2026-05-07,08:11,Thursday,2,S Maryland Pkwy,13.1,19.8,20.0,0.1
2026-05-07T08:11:38.401691,2026-05-07,08:11,Thursday,3,S Eastern Ave,13.57,23.1,22.2,-0.8
2026-05-07T08:16:38.897879,2026-05-07,08:16,Thursday,1,S Spencer St,12.65,19.9,19.8,-0.1
2026-05-07T08:16:38.897879,2026-05-07,08:16,Thursday,2,S Maryland Pkwy,13.1,19.8,20.1,0.2
2026-05-07T08:16:38.897879,2026-05-07,08:16,Thursday,3,S Eastern Ave,13.56,22.9,22.4,-0.6
2026-05-07T08:21:39.544965,2026-05-07,08:21,Thursday,1,S Spencer St,12.65,19.9,19.9,0.0
2026-05-07T08:21:39.544965,2026-05-07,08:21,Thursday,2,S Maryland Pkwy,13.1,19.8,20.2,0.4
2026-05-07T08:21:39.544965,2026-05-07,08:21,Thursday,3,S Eastern Ave,13.57,23.1,22.1,-0.9
2026-05-07T08:26:40.052775,2026-05-07,08:26,Thursday,1,S Spencer St,12.65,19.9,19.8,-0.1
2026-05-07T08:26:40.052775,2026-05-07,08:26,Thursday,2,S Maryland Pkwy,13.1,19.8,20.2,0.4
2026-05-07T08:26:40.052775,2026-05-07,08:26,Thursday,3,S Eastern Ave,13.56,22.9,22.2,-0.8
2026-05-07T08:31:40.553039,2026-05-07,08:31,Thursday,1,S Spencer St,12.65,19.9,20.1,0.2
2026-05-07T08:31:40.553039,2026-05-07,08:31,Thursday,2,S Maryland Pkwy,13.1,19.8,21.0,1.2
2026-05-07T08:31:40.553039,2026-05-07,08:31,Thursday,3,S Eastern Ave,13.56,22.9,22.3,-0.7
2026-05-07T08:36:41.194948,2026-05-07,08:36,Thursday,1,S Spencer St,12.65,19.9,20.2,0.4
2026-05-07T08:36:41.194948,2026-05-07,08:36,Thursday,2,S Eastern Ave,13.56,22.9,22.3,-0.7
2026-05-07T08:36:41.194948,2026-05-07,08:36,Thursday,3,I-15 S,27.18,24.6,25.9,1.3
2026-05-07T08:41:41.695756,2026-05-07,08:41,Thursday,1,S Spencer St,12.65,19.9,20.3,0.4
2026-05-07T08:41:41.695756,2026-05-07,08:41,Thursday,2,S Eastern Ave,13.56,22.9,22.4,-0.5
2026-05-07T08:41:41.695756,2026-05-07,08:41,Thursday,3,I-15 S,27.18,24.6,25.9,1.3
2026-05-07T08:46:42.202603,2026-05-07,08:46,Thursday,1,S Spencer St,12.65,19.9,20.4,0.5
2026-05-07T08:46:42.202603,2026-05-07,08:46,Thursday,2,S Eastern Ave,13.57,23.1,22.2,-0.8
2026-05-07T08:46:42.202603,2026-05-07,08:46,Thursday,3,I-15 S,27.18,24.6,26.2,1.6
2026-05-07T08:51:42.781959,2026-05-07,08:51,Thursday,1,S Spencer St,12.65,19.9,20.4,0.5
2026-05-07T08:51:42.781959,2026-05-07,08:51,Thursday,2,S Eastern Ave,13.56,22.9,22.6,-0.3
2026-05-07T08:51:42.781959,2026-05-07,08:51,Thursday,3,Bermuda Rd,14.49,21.6,23.1,1.6
2026-05-07T08:56:43.351543,2026-05-07,08:56,Thursday,1,S Spencer St,12.65,19.9,20.1,0.3
2026-05-07T08:56:43.351543,2026-05-07,08:56,Thursday,2,S Eastern Ave,13.57,23.1,22.2,-0.9
2026-05-07T08:56:43.351543,2026-05-07,08:56,Thursday,3,I-15 S,27.18,24.6,25.8,1.2
2026-05-07T09:01:43.810157,2026-05-07,09:01,Thursday,1,S Spencer St,12.65,19.9,20.1,0.2
2026-05-07T09:01:43.810157,2026-05-07,09:01,Thursday,2,S Eastern Ave,13.56,22.9,22.2,-0.7
2026-05-07T09:01:43.810157,2026-05-07,09:01,Thursday,3,I-15 S,27.18,24.6,25.8,1.1
2026-05-07T09:06:44.387985,2026-05-07,09:06,Thursday,1,S Spencer St,12.65,19.9,19.8,-0.1
2026-05-07T09:06:44.387985,2026-05-07,09:06,Thursday,2,S Eastern Ave,13.56,22.9,22.1,-0.8
2026-05-07T09:06:44.387985,2026-05-07,09:06,Thursday,3,I-15 S,27.18,24.6,25.7,1.1
2026-05-07T09:11:44.904808,2026-05-07,09:11,Thursday,1,S Spencer St,12.65,19.9,19.7,-0.1
2026-05-07T09:11:44.904808,2026-05-07,09:11,Thursday,2,S Eastern Ave,13.56,22.9,22.0,-0.9
2026-05-07T09:11:44.904808,2026-05-07,09:11,Thursday,3,Bermuda Rd,14.49,21.6,22.4,0.8
2026-05-07T09:16:45.447412,2026-05-07,09:16,Thursday,1,S Spencer St,12.65,19.9,19.8,-0.1
2026-05-07T09:16:45.447412,2026-05-07,09:16,Thursday,2,S Maryland Pkwy,13.1,19.8,20.4,0.6
2026-05-07T09:16:45.447412,2026-05-07,09:16,Thursday,3,S Eastern Ave,13.56,22.9,21.9,-1.0
2026-05-07T09:21:45.960072,2026-05-07,09:21,Thursday,1,S Spencer St,12.65,19.9,19.7,-0.1
2026-05-07T09:21:45.960072,2026-05-07,09:21,Thursday,2,S Maryland Pkwy,13.1,19.8,20.1,0.3
2026-05-07T09:21:45.960072,2026-05-07,09:21,Thursday,3,S Eastern Ave,13.56,22.9,22.1,-0.8
2026-05-07T09:26:46.382615,2026-05-07,09:26,Thursday,1,S Spencer St,12.65,19.9,19.9,0.1
2026-05-07T09:26:46.382615,2026-05-07,09:26,Thursday,2,S Maryland Pkwy,13.1,19.8,20.3,0.5
2026-05-07T09:26:46.382615,2026-05-07,09:26,Thursday,3,S Eastern Ave,13.56,22.9,22.3,-0.6
2026-05-07T09:31:46.857476,2026-05-07,09:31,Thursday,1,S Spencer St,12.65,19.9,19.8,-0.1
2026-05-07T09:31:46.857476,2026-05-07,09:31,Thursday,2,S Maryland Pkwy,13.1,19.8,20.3,0.5
2026-05-07T09:31:46.857476,2026-05-07,09:31,Thursday,3,S Eastern Ave,13.57,23.1,22.1,-0.9
2026-05-07T09:36:47.409092,2026-05-07,09:36,Thursday,1,S Spencer St,12.65,19.9,19.9,0.1
2026-05-07T09:36:47.409092,2026-05-07,09:36,Thursday,2,S Maryland Pkwy,13.1,19.8,20.2,0.4
2026-05-07T09:36:47.409092,2026-05-07,09:36,Thursday,3,S Eastern Ave,13.56,22.9,22.3,-0.6
2026-05-07T09:41:47.890311,2026-05-07,09:41,Thursday,1,S Spencer St,12.65,19.9,19.9,-0.0
2026-05-07T09:41:47.890311,2026-05-07,09:41,Thursday,2,S Maryland Pkwy,13.1,19.8,20.3,0.5
2026-05-07T09:41:47.890311,2026-05-07,09:41,Thursday,3,S Eastern Ave,13.57,23.1,22.1,-0.9
2026-05-07T09:46:48.548281,2026-05-07,09:46,Thursday,1,S Spencer St,12.65,19.9,19.9,0.1
2026-05-07T09:46:48.548281,2026-05-07,09:46,Thursday,2,S Maryland Pkwy,13.1,19.8,20.2,0.4
2026-05-07T09:46:48.548281,2026-05-07,09:46,Thursday,3,S Eastern Ave,13.56,22.9,22.3,-0.6
2026-05-07T09:51:49.083621,2026-05-07,09:51,Thursday,1,S Spencer St,12.65,19.9,20.0,0.1
2026-05-07T09:51:49.083621,2026-05-07,09:51,Thursday,2,S Maryland Pkwy,13.1,19.8,20.1,0.3
2026-05-07T09:51:49.083621,2026-05-07,09:51,Thursday,3,S Eastern Ave,13.57,23.1,22.3,-0.8
2026-05-07T09:56:49.590088,2026-05-07,09:56,Thursday,1,S Spencer St,12.65,19.9,20.0,0.1
2026-05-07T09:56:49.590088,2026-05-07,09:56,Thursday,2,S Maryland Pkwy,13.1,19.8,20.2,0.4
2026-05-07T09:56:49.590088,2026-05-07,09:56,Thursday,3,S Eastern Ave,13.57,23.1,21.9,-1.2
2026-05-07T14:31:56.877159,2026-05-07,14:31,Thursday,1,S Maryland Pkwy,13.1,19.8,21.6,1.8
2026-05-07T14:31:56.877159,2026-05-07,14:31,Thursday,2,Bermuda Rd,14.49,21.6,23.1,1.5
2026-05-07T14:31:56.877159,2026-05-07,14:31,Thursday,3,S Eastern Ave,13.57,23.1,25.4,2.3
2026-05-07T14:36:57.508442,2026-05-07,14:36,Thursday,1,S Maryland Pkwy,13.1,19.8,21.4,1.6
2026-05-07T14:36:57.508442,2026-05-07,14:36,Thursday,2,Bermuda Rd,14.49,21.6,23.1,1.5
2026-05-07T14:36:57.508442,2026-05-07,14:36,Thursday,3,S Eastern Ave,13.57,23.1,24.8,1.8
2026-05-07T14:41:58.006804,2026-05-07,14:41,Thursday,1,S Maryland Pkwy,13.1,19.8,21.8,2.0
2026-05-07T14:41:58.006804,2026-05-07,14:41,Thursday,2,S Eastern Ave,13.57,23.1,24.9,1.8
2026-05-07T14:41:58.006804,2026-05-07,14:41,Thursday,3,I-15 S,27.18,24.6,27.1,2.5
2026-05-07T14:46:58.498248,2026-05-07,14:46,Thursday,1,S Maryland Pkwy,13.1,19.8,21.7,1.9
2026-05-07T14:46:58.498248,2026-05-07,14:46,Thursday,2,Bermuda Rd,14.49,21.6,23.2,1.7
2026-05-07T14:46:58.498248,2026-05-07,14:46,Thursday,3,S Eastern Ave,13.57,23.1,25.0,2.0
2026-05-07T14:51:59.016119,2026-05-07,14:51,Thursday,1,S Maryland Pkwy,13.1,19.8,21.8,2.0
2026-05-07T14:51:59.016119,2026-05-07,14:51,Thursday,2,Bermuda Rd,14.49,21.6,23.3,1.8
2026-05-07T14:51:59.016119,2026-05-07,14:51,Thursday,3,S Eastern Ave,13.57,23.1,24.8,1.8
2026-05-07T14:56:59.617273,2026-05-07,14:56,Thursday,1,S Maryland Pkwy,13.1,19.8,22.0,2.1
2026-05-07T14:56:59.617273,2026-05-07,14:56,Thursday,2,Bermuda Rd,14.49,21.6,23.4,1.8
2026-05-07T14:56:59.617273,2026-05-07,14:56,Thursday,3,S Eastern Ave,13.57,23.1,24.7,1.6
2026-05-07T15:02:00.731073,2026-05-07,15:02,Thursday,1,S Maryland Pkwy,13.1,19.8,22.4,2.6
2026-05-07T15:02:00.731073,2026-05-07,15:02,Thursday,2,Bermuda Rd,14.49,21.6,23.5,1.9
2026-05-07T15:02:00.731073,2026-05-07,15:02,Thursday,3,S Eastern Ave,13.57,23.1,24.9,1.8
2026-05-07T15:42:36.894541,2026-05-07,15:42,Thursday,1,Bermuda Rd,14.49,21.6,22.7,1.2
2026-05-07T15:42:36.894541,2026-05-07,15:42,Thursday,2,S Maryland Pkwy,13.1,19.8,22.8,3.0
2026-05-07T15:42:36.894541,2026-05-07,15:42,Thursday,3,S Eastern Ave,13.57,23.1,24.8,1.8
2026-05-07T15:47:56.830498,2026-05-07,15:47,Thursday,1,S Maryland Pkwy,13.1,19.8,22.6,2.7
2026-05-07T15:47:56.830498,2026-05-07,15:47,Thursday,2,Bermuda Rd,14.49,21.6,22.8,1.3
2026-05-07T15:47:56.830498,2026-05-07,15:47,Thursday,3,S Eastern Ave,13.07,23.1,25.8,2.6
2026-05-07T15:52:57.312606,2026-05-07,15:52,Thursday,1,S Maryland Pkwy,13.1,19.8,22.8,3.0
2026-05-07T15:52:57.312606,2026-05-07,15:52,Thursday,2,Bermuda Rd,14.49,21.6,23.1,1.6
2026-05-07T15:52:57.312606,2026-05-07,15:52,Thursday,3,S Eastern Ave,13.57,23.1,25.1,2.0
2026-05-07T15:57:58.045219,2026-05-07,15:57,Thursday,1,S Maryland Pkwy,13.1,19.8,22.6,2.8
2026-05-07T15:57:58.045219,2026-05-07,15:57,Thursday,2,S Spencer St,12.65,19.9,24.4,4.5
2026-05-07T15:57:58.045219,2026-05-07,15:57,Thursday,3,St Rose Pkwy,13.48,22.1,24.7,2.7
2026-05-07T16:02:58.621723,2026-05-07,16:02,Thursday,1,S Maryland Pkwy,13.1,19.8,22.5,2.7
2026-05-07T16:02:58.621723,2026-05-07,16:02,Thursday,2,Bermuda Rd,14.49,21.6,23.0,1.4
2026-05-07T16:02:58.621723,2026-05-07,16:02,Thursday,3,S Eastern Ave,13.07,23.1,25.4,2.3
2026-05-07T16:07:59.195275,2026-05-07,16:07,Thursday,1,S Maryland Pkwy,13.1,19.8,22.4,2.6
2026-05-07T16:07:59.195275,2026-05-07,16:07,Thursday,2,Bermuda Rd,14.49,21.6,23.0,1.5
2026-05-07T16:07:59.195275,2026-05-07,16:07,Thursday,3,S Eastern Ave,13.07,23.1,25.4,2.2
2026-05-07T16:12:59.737422,2026-05-07,16:12,Thursday,1,S Maryland Pkwy,13.1,19.8,22.2,2.4
2026-05-07T16:12:59.737422,2026-05-07,16:12,Thursday,2,Bermuda Rd,14.49,21.6,23.2,1.6
2026-05-07T16:12:59.737422,2026-05-07,16:12,Thursday,3,S Eastern Ave,13.57,23.1,25.1,2.1
2026-05-07T16:18:00.386867,2026-05-07,16:18,Thursday,1,S Maryland Pkwy,13.1,19.8,21.9,2.0
2026-05-07T16:18:00.386867,2026-05-07,16:18,Thursday,2,Bermuda Rd,14.49,21.6,23.1,1.5
2026-05-07T16:18:00.386867,2026-05-07,16:18,Thursday,3,S Eastern Ave,13.57,23.1,24.5,1.4
2026-05-07T16:23:00.865161,2026-05-07,16:23,Thursday,1,S Maryland Pkwy,13.1,19.8,21.7,1.9
2026-05-07T16:23:00.865161,2026-05-07,16:23,Thursday,2,Bermuda Rd,14.49,21.6,23.0,1.4
2026-05-07T16:23:00.865161,2026-05-07,16:23,Thursday,3,S Eastern Ave,13.57,23.1,25.1,2.1
2026-05-08T07:02:45.425021,2026-05-08,07:02,Friday,1,S Maryland Pkwy,13.1,19.8,19.8,-0.1
2026-05-08T07:02:45.425021,2026-05-08,07:02,Friday,2,S Spencer St,12.65,19.9,20.4,0.5
2026-05-08T07:02:45.425021,2026-05-08,07:02,Friday,3,S Eastern Ave,13.07,23.1,21.3,-1.9
2026-05-08T07:07:46.110728,2026-05-08,07:07,Friday,1,S Maryland Pkwy,13.1,19.8,19.6,-0.2
2026-05-08T07:07:46.110728,2026-05-08,07:07,Friday,2,S Spencer St,12.65,19.9,19.7,-0.2
2026-05-08T07:07:46.110728,2026-05-08,07:07,Friday,3,S Eastern Ave,13.07,23.1,21.2,-1.9
2026-05-08T07:12:46.645169,2026-05-08,07:12,Friday,1,S Maryland Pkwy,13.1,19.8,19.6,-0.2
2026-05-08T07:12:46.645169,2026-05-08,07:12,Friday,2,S Spencer St,12.65,19.9,19.8,-0.1
2026-05-08T07:12:46.645169,2026-05-08,07:12,Friday,3,S Eastern Ave,13.07,23.1,21.4,-1.8
2026-05-08T07:17:47.255717,2026-05-08,07:17,Friday,1,S Spencer St,12.65,19.9,19.5,-0.4
2026-05-08T07:17:47.255717,2026-05-08,07:17,Friday,2,S Maryland Pkwy,13.1,19.8,19.6,-0.3
2026-05-08T07:17:47.255717,2026-05-08,07:17,Friday,3,S Eastern Ave,13.56,22.9,21.2,-1.8
2026-05-08T07:22:47.744804,2026-05-08,07:22,Friday,1,S Maryland Pkwy,13.1,19.8,19.7,-0.1
2026-05-08T07:22:47.744804,2026-05-08,07:22,Friday,2,S Spencer St,12.65,19.9,19.8,-0.1
2026-05-08T07:22:47.744804,2026-05-08,07:22,Friday,3,S Eastern Ave,13.07,23.1,21.8,-1.4
2026-05-08T07:27:48.294840,2026-05-08,07:27,Friday,1,S Spencer St,12.65,19.9,19.7,-0.2
2026-05-08T07:27:48.294840,2026-05-08,07:27,Friday,2,S Maryland Pkwy,13.1,19.8,19.7,-0.1
2026-05-08T07:27:48.294840,2026-05-08,07:27,Friday,3,S Eastern Ave,13.07,23.1,22.1,-1.1
2026-05-08T07:32:48.729312,2026-05-08,07:32,Friday,1,S Spencer St,12.65,19.9,19.9,-0.0
2026-05-08T07:32:48.729312,2026-05-08,07:32,Friday,2,S Maryland Pkwy,13.1,19.8,20.0,0.2
2026-05-08T07:32:48.729312,2026-05-08,07:32,Friday,3,S Eastern Ave,13.07,23.1,22.3,-0.8
2026-05-08T07:37:49.314094,2026-05-08,07:37,Friday,1,S Spencer St,12.65,19.9,20.1,0.3
2026-05-08T07:37:49.314094,2026-05-08,07:37,Friday,2,S Maryland Pkwy,13.1,19.8,20.3,0.5
2026-05-08T07:37:49.314094,2026-05-08,07:37,Friday,3,S Eastern Ave,13.07,23.1,22.4,-0.7
2026-05-08T07:42:49.825009,2026-05-08,07:42,Friday,1,S Spencer St,12.65,19.9,20.1,0.2
2026-05-08T07:42:49.825009,2026-05-08,07:42,Friday,2,S Maryland Pkwy,13.1,19.8,20.4,0.6
2026-05-08T07:42:49.825009,2026-05-08,07:42,Friday,3,S Eastern Ave,13.07,23.1,22.7,-0.5
2026-05-08T07:47:50.401176,2026-05-08,07:47,Friday,1,S Spencer St,12.65,19.9,20.4,0.5
2026-05-08T07:47:50.401176,2026-05-08,07:47,Friday,2,S Maryland Pkwy,13.1,19.8,20.4,0.6
2026-05-08T07:47:50.401176,2026-05-08,07:47,Friday,3,S Eastern Ave,13.57,23.1,22.1,-1.0
2026-05-08T07:52:50.903222,2026-05-08,07:52,Friday,1,S Spencer St,12.65,19.9,20.1,0.2
2026-05-08T07:52:50.903222,2026-05-08,07:52,Friday,2,S Maryland Pkwy,13.1,19.8,20.3,0.5
2026-05-08T07:52:50.903222,2026-05-08,07:52,Friday,3,S Eastern Ave,13.56,22.9,21.9,-1.0
2026-05-08T07:57:51.502367,2026-05-08,07:57,Friday,1,S Spencer St,12.65,19.9,20.3,0.4
2026-05-08T07:57:51.502367,2026-05-08,07:57,Friday,2,S Maryland Pkwy,13.1,19.8,20.3,0.5
2026-05-08T07:57:51.502367,2026-05-08,07:57,Friday,3,S Eastern Ave,13.56,22.9,22.1,-0.8
2026-05-08T08:02:51.949609,2026-05-08,08:02,Friday,1,S Spencer St,12.65,19.9,20.1,0.2
2026-05-08T08:02:51.949609,2026-05-08,08:02,Friday,2,S Maryland Pkwy,13.1,19.8,20.1,0.3
2026-05-08T08:02:51.949609,2026-05-08,08:02,Friday,3,S Eastern Ave,13.56,22.9,21.7,-1.2
2026-05-08T08:07:52.648104,2026-05-08,08:07,Friday,1,S Spencer St,12.65,19.9,19.9,0.1
2026-05-08T08:07:52.648104,2026-05-08,08:07,Friday,2,S Maryland Pkwy,13.1,19.8,20.0,0.2
2026-05-08T08:07:52.648104,2026-05-08,08:07,Friday,3,S Eastern Ave,13.56,22.9,21.8,-1.1
2026-05-08T08:12:53.168721,2026-05-08,08:12,Friday,1,S Spencer St,12.65,19.9,20.0,0.1
2026-05-08T08:12:53.168721,2026-05-08,08:12,Friday,2,S Maryland Pkwy,13.1,19.8,20.2,0.4
2026-05-08T08:12:53.168721,2026-05-08,08:12,Friday,3,S Eastern Ave,13.56,22.9,21.8,-1.2
2026-05-08T08:17:53.756451,2026-05-08,08:17,Friday,1,S Spencer St,12.65,19.9,20.0,0.1
2026-05-08T08:17:53.756451,2026-05-08,08:17,Friday,2,S Maryland Pkwy,13.1,19.8,20.4,0.6
2026-05-08T08:17:53.756451,2026-05-08,08:17,Friday,3,S Eastern Ave,13.56,22.9,21.8,-1.1
2026-05-08T08:22:54.322751,2026-05-08,08:22,Friday,1,S Spencer St,12.65,19.9,20.1,0.2
2026-05-08T08:22:54.322751,2026-05-08,08:22,Friday,2,S Eastern Ave,13.56,22.9,21.9,-1.0
2026-05-08T08:22:54.322751,2026-05-08,08:22,Friday,3,I-15 S,27.18,24.6,25.9,1.2
2026-05-08T08:27:54.886009,2026-05-08,08:27,Friday,1,S Spencer St,12.65,19.9,19.9,0.1
2026-05-08T08:27:54.886009,2026-05-08,08:27,Friday,2,S Eastern Ave,13.56,22.9,22.0,-0.9
2026-05-08T08:27:54.886009,2026-05-08,08:27,Friday,3,I-15 S,27.18,24.6,25.6,1.0
2026-05-08T08:32:55.490168,2026-05-08,08:32,Friday,1,S Spencer St,12.65,19.9,20.1,0.2
2026-05-08T08:32:55.490168,2026-05-08,08:32,Friday,2,S Maryland Pkwy,13.1,19.8,20.9,1.1
2026-05-08T08:32:55.490168,2026-05-08,08:32,Friday,3,S Eastern Ave,13.56,22.9,21.9,-1.0
2026-05-08T08:37:56.046327,2026-05-08,08:37,Friday,1,S Spencer St,12.65,19.9,20.0,0.2
2026-05-08T08:37:56.046327,2026-05-08,08:37,Friday,2,S Eastern Ave,13.56,22.9,22.1,-0.8
2026-05-08T08:37:56.046327,2026-05-08,08:37,Friday,3,I-15 S,27.18,24.6,26.0,1.4
2026-05-08T08:42:56.619896,2026-05-08,08:42,Friday,1,S Spencer St,12.65,19.9,20.4,0.5
2026-05-08T08:42:56.619896,2026-05-08,08:42,Friday,2,S Eastern Ave,13.56,22.9,22.3,-0.6
2026-05-08T08:42:56.619896,2026-05-08,08:42,Friday,3,I-15 S,27.18,24.6,25.8,1.2
2026-05-08T08:47:57.093434,2026-05-08,08:47,Friday,1,S Spencer St,12.65,19.9,20.6,0.8
2026-05-08T08:47:57.093434,2026-05-08,08:47,Friday,2,S Eastern Ave,13.56,22.9,22.1,-0.8
2026-05-08T08:47:57.093434,2026-05-08,08:47,Friday,3,I-15 S,27.18,24.6,25.9,1.2
2026-05-08T08:52:57.699355,2026-05-08,08:52,Friday,1,S Spencer St,12.65,19.9,20.8,1.0
2026-05-08T08:52:57.699355,2026-05-08,08:52,Friday,2,S Eastern Ave,13.56,22.9,22.4,-0.6
2026-05-08T08:52:57.699355,2026-05-08,08:52,Friday,3,I-15 S,27.18,24.6,26.0,1.3
2026-05-08T08:57:58.148661,2026-05-08,08:57,Friday,1,S Spencer St,12.65,19.9,20.4,0.6
2026-05-08T08:57:58.148661,2026-05-08,08:57,Friday,2,S Eastern Ave,13.56,22.9,22.4,-0.6
2026-05-08T08:57:58.148661,2026-05-08,08:57,Friday,3,I-15 S,27.18,24.6,26.2,1.5
2026-05-08T09:02:59.149156,2026-05-08,09:02,Friday,1,S Spencer St,12.65,19.9,20.4,0.5
2026-05-08T09:02:59.149156,2026-05-08,09:02,Friday,2,S Eastern Ave,13.56,22.9,22.1,-0.9
2026-05-08T09:02:59.149156,2026-05-08,09:02,Friday,3,I-15 S,27.18,24.6,26.1,1.5
2026-05-08T09:07:59.648092,2026-05-08,09:07,Friday,1,S Spencer St,12.65,19.9,20.6,0.8
2026-05-08T09:07:59.648092,2026-05-08,09:07,Friday,2,S Eastern Ave,13.56,22.9,22.3,-0.7
2026-05-08T09:07:59.648092,2026-05-08,09:07,Friday,3,Bermuda Rd,14.49,21.6,22.6,1.1
2026-05-08T09:13:00.249727,2026-05-08,09:13,Friday,1,S Spencer St,12.65,19.9,20.5,0.7
2026-05-08T09:13:00.249727,2026-05-08,09:13,Friday,2,S Eastern Ave,13.56,22.9,22.0,-0.9
2026-05-08T09:13:00.249727,2026-05-08,09:13,Friday,3,I-15 S,27.18,24.6,25.9,1.3
2026-05-08T09:18:00.759507,2026-05-08,09:18,Friday,1,S Maryland Pkwy,13.1,19.8,20.5,0.7
2026-05-08T09:18:00.759507,2026-05-08,09:18,Friday,2,S Spencer St,12.65,19.9,20.6,0.7
2026-05-08T09:18:00.759507,2026-05-08,09:18,Friday,3,S Eastern Ave,13.56,22.9,22.3,-0.7
2026-05-08T09:23:01.409863,2026-05-08,09:23,Friday,1,S Spencer St,12.65,19.9,20.5,0.7
2026-05-08T09:23:01.409863,2026-05-08,09:23,Friday,2,S Eastern Ave,13.56,22.9,21.9,-1.1
2026-05-08T09:23:01.409863,2026-05-08,09:23,Friday,3,I-15 S,27.18,24.6,25.7,1.0
2026-05-08T09:28:01.864673,2026-05-08,09:28,Friday,1,S Spencer St,12.65,19.9,20.6,0.7
2026-05-08T09:28:01.864673,2026-05-08,09:28,Friday,2,S Maryland Pkwy,13.1,19.8,20.7,0.8
2026-05-08T09:28:01.864673,2026-05-08,09:28,Friday,3,S Eastern Ave,13.56,22.9,22.2,-0.8
2026-05-08T09:33:02.438781,2026-05-08,09:33,Friday,1,S Spencer St,12.65,19.9,20.5,0.6
2026-05-08T09:33:02.438781,2026-05-08,09:33,Friday,2,S Maryland Pkwy,13.1,19.8,20.5,0.7
2026-05-08T09:33:02.438781,2026-05-08,09:33,Friday,3,St Rose Pkwy,13.48,22.1,23.9,1.9
2026-05-08T09:38:02.915532,2026-05-08,09:38,Friday,1,S Maryland Pkwy,13.1,19.8,20.5,0.7
2026-05-08T09:38:02.915532,2026-05-08,09:38,Friday,2,S Spencer St,12.65,19.9,20.6,0.8
2026-05-08T09:38:02.915532,2026-05-08,09:38,Friday,3,S Eastern Ave,13.56,22.9,22.5,-0.5
2026-05-08T09:43:03.412556,2026-05-08,09:43,Friday,1,S Spencer St,12.65,19.9,20.6,0.7
2026-05-08T09:43:03.412556,2026-05-08,09:43,Friday,2,S Maryland Pkwy,13.1,19.8,20.6,0.8
2026-05-08T09:43:03.412556,2026-05-08,09:43,Friday,3,S Eastern Ave,13.56,22.9,22.4,-0.5
2026-05-08T09:48:03.877507,2026-05-08,09:48,Friday,1,S Spencer St,12.65,19.9,20.4,0.6
2026-05-08T09:48:03.877507,2026-05-08,09:48,Friday,2,S Maryland Pkwy,13.1,19.8,20.5,0.7
2026-05-08T09:48:03.877507,2026-05-08,09:48,Friday,3,S Eastern Ave,13.56,22.9,22.4,-0.6
2026-05-08T09:53:04.426865,2026-05-08,09:53,Friday,1,S Spencer St,12.65,19.9,20.5,0.7
2026-05-08T09:53:04.426865,2026-05-08,09:53,Friday,2,S Maryland Pkwy,13.1,19.8,20.8,0.9
2026-05-08T09:53:04.426865,2026-05-08,09:53,Friday,3,S Eastern Ave,13.56,22.9,22.4,-0.6
2026-05-08T09:58:05.004467,2026-05-08,09:58,Friday,1,S Spencer St,12.65,19.9,20.5,0.6
2026-05-08T09:58:05.004467,2026-05-08,09:58,Friday,2,S Eastern Ave,13.56,22.9,22.6,-0.4
2026-05-08T09:58:05.004467,2026-05-08,09:58,Friday,3,I-15 S,27.18,24.6,25.5,0.8
2026-05-08T14:33:12.406597,2026-05-08,14:33,Friday,1,S Maryland Pkwy,13.1,19.8,22.1,2.3
2026-05-08T14:33:12.406597,2026-05-08,14:33,Friday,2,Bermuda Rd,14.49,21.6,23.0,1.4
2026-05-08T14:33:12.406597,2026-05-08,14:33,Friday,3,S Eastern Ave,13.57,23.1,25.0,1.9
2026-05-08T14:38:12.979241,2026-05-08,14:38,Friday,1,S Maryland Pkwy,13.1,19.8,22.7,2.9
2026-05-08T14:38:12.979241,2026-05-08,14:38,Friday,2,Bermuda Rd,14.49,21.6,23.0,1.4
2026-05-08T14:38:12.979241,2026-05-08,14:38,Friday,3,S Eastern Ave,13.57,23.1,25.2,2.1
2026-05-08T14:43:13.492771,2026-05-08,14:43,Friday,1,S Maryland Pkwy,13.1,19.8,22.1,2.3
2026-05-08T14:43:13.492771,2026-05-08,14:43,Friday,2,Bermuda Rd,14.49,21.6,22.8,1.2
2026-05-08T14:43:13.492771,2026-05-08,14:43,Friday,3,S Eastern Ave,13.57,23.1,25.3,2.2
2026-05-08T14:48:14.092161,2026-05-08,14:48,Friday,1,S Maryland Pkwy,13.1,19.8,22.2,2.4
2026-05-08T14:48:14.092161,2026-05-08,14:48,Friday,2,Bermuda Rd,14.49,21.6,22.8,1.2
2026-05-08T14:48:14.092161,2026-05-08,14:48,Friday,3,S Eastern Ave,13.57,23.1,25.0,1.9
2026-05-08T14:53:14.665896,2026-05-08,14:53,Friday,1,S Maryland Pkwy,13.1,19.8,22.1,2.2
2026-05-08T14:53:14.665896,2026-05-08,14:53,Friday,2,Bermuda Rd,14.49,21.6,22.9,1.3
2026-05-08T14:53:14.665896,2026-05-08,14:53,Friday,3,S Eastern Ave,13.57,23.1,25.3,2.2
2026-05-08T14:58:15.342472,2026-05-08,14:58,Friday,1,S Maryland Pkwy,13.1,19.8,22.2,2.4
2026-05-08T14:58:15.342472,2026-05-08,14:58,Friday,2,Bermuda Rd,14.49,21.6,22.8,1.2
2026-05-08T14:58:15.342472,2026-05-08,14:58,Friday,3,S Eastern Ave,13.57,23.1,25.0,1.9
2026-05-08T15:03:15.912750,2026-05-08,15:03,Friday,1,S Maryland Pkwy,13.1,19.8,22.6,2.8
2026-05-08T15:03:15.912750,2026-05-08,15:03,Friday,2,Bermuda Rd,14.49,21.6,23.2,1.6
2026-05-08T15:03:15.912750,2026-05-08,15:03,Friday,3,S Eastern Ave,13.57,23.1,24.8,1.7
2026-05-08T15:08:16.554854,2026-05-08,15:08,Friday,1,S Maryland Pkwy,13.1,19.8,23.0,3.2
2026-05-08T15:08:16.554854,2026-05-08,15:08,Friday,2,Bermuda Rd,14.49,21.6,23.1,1.5
2026-05-08T15:08:16.554854,2026-05-08,15:08,Friday,3,S Eastern Ave,13.57,23.1,25.1,2.0
2026-05-08T15:13:17.018160,2026-05-08,15:13,Friday,1,Bermuda Rd,14.49,21.6,23.2,1.6
2026-05-08T15:13:17.018160,2026-05-08,15:13,Friday,2,S Maryland Pkwy,13.1,19.8,23.4,3.6
2026-05-08T15:13:17.018160,2026-05-08,15:13,Friday,3,S Eastern Ave,13.57,23.1,25.0,1.9
2026-05-08T15:18:17.572727,2026-05-08,15:18,Friday,1,Bermuda Rd,14.49,21.6,23.2,1.6
2026-05-08T15:18:17.572727,2026-05-08,15:18,Friday,2,S Maryland Pkwy,13.1,19.8,23.4,3.5
2026-05-08T15:18:17.572727,2026-05-08,15:18,Friday,3,S Eastern Ave,13.57,23.1,24.9,1.8
2026-05-08T15:23:18.154377,2026-05-08,15:23,Friday,1,Bermuda Rd,14.49,21.6,22.9,1.3
2026-05-08T15:23:18.154377,2026-05-08,15:23,Friday,2,S Spencer St,12.65,19.8,23.3,3.5
2026-05-08T15:23:18.154377,2026-05-08,15:23,Friday,3,S Eastern Ave,13.57,23.1,25.1,2.0
2026-05-08T15:28:18.737024,2026-05-08,15:28,Friday,1,Bermuda Rd,14.49,21.6,22.8,1.2
2026-05-08T15:28:18.737024,2026-05-08,15:28,Friday,2,S Maryland Pkwy,13.1,19.8,22.9,3.1
2026-05-08T15:28:18.737024,2026-05-08,15:28,Friday,3,S Eastern Ave,13.57,23.1,25.1,2.1
2026-05-11T07:04:35.388089,2026-05-11,07:04,Monday,1,S Maryland Pkwy,13.1,19.8,19.6,-0.2
2026-05-11T07:04:35.388089,2026-05-11,07:04,Monday,2,S Spencer St,12.65,19.8,19.8,0.0
2026-05-11T07:04:35.388089,2026-05-11,07:04,Monday,3,S Eastern Ave,13.07,23.2,20.9,-2.4
2026-05-11T07:09:35.989109,2026-05-11,07:09,Monday,1,S Spencer St,12.65,19.8,19.6,-0.2
2026-05-11T07:09:35.989109,2026-05-11,07:09,Monday,2,S Eastern Ave,13.07,23.2,20.9,-2.4
2026-05-11T07:09:35.989109,2026-05-11,07:09,Monday,3,I-15 S,27.18,24.6,25.9,1.3
2026-05-11T07:14:36.481532,2026-05-11,07:14,Monday,1,S Spencer St,12.65,19.8,19.7,-0.1
2026-05-11T07:14:36.481532,2026-05-11,07:14,Monday,2,S Eastern Ave,13.07,23.2,21.0,-2.3
2026-05-11T07:14:36.481532,2026-05-11,07:14,Monday,3,I-15 S,27.18,24.6,25.6,0.9
2026-05-11T07:19:37.020433,2026-05-11,07:19,Monday,1,S Maryland Pkwy,13.1,19.8,19.8,-0.0
2026-05-11T07:19:37.020433,2026-05-11,07:19,Monday,2,S Spencer St,12.65,19.8,20.1,0.2
2026-05-11T07:19:37.020433,2026-05-11,07:19,Monday,3,S Eastern Ave,13.07,23.2,21.4,-1.8
2026-05-11T07:24:37.583097,2026-05-11,07:24,Monday,1,S Spencer St,12.65,19.8,19.4,-0.4
2026-05-11T07:24:37.583097,2026-05-11,07:24,Monday,2,S Maryland Pkwy,13.1,19.8,19.4,-0.5
2026-05-11T07:24:37.583097,2026-05-11,07:24,Monday,3,S Eastern Ave,13.07,23.2,21.5,-1.7
2026-05-11T07:29:38.136324,2026-05-11,07:29,Monday,1,S Spencer St,12.65,19.8,19.8,-0.0
2026-05-11T07:29:38.136324,2026-05-11,07:29,Monday,2,S Eastern Ave,13.07,23.2,21.6,-1.6
2026-05-11T07:29:38.136324,2026-05-11,07:29,Monday,3,I-15 S,27.18,24.6,25.8,1.2
2026-05-11T07:34:38.582314,2026-05-11,07:34,Monday,1,S Spencer St,12.65,19.8,19.7,-0.1
2026-05-11T07:34:38.582314,2026-05-11,07:34,Monday,2,S Maryland Pkwy,13.1,19.8,19.8,-0.1
2026-05-11T07:34:38.582314,2026-05-11,07:34,Monday,3,S Eastern Ave,13.07,23.2,21.8,-1.4
2026-05-11T07:39:39.189957,2026-05-11,07:39,Monday,1,S Spencer St,12.65,19.8,19.6,-0.2
2026-05-11T07:39:39.189957,2026-05-11,07:39,Monday,2,S Maryland Pkwy,13.1,19.8,19.6,-0.3
2026-05-11T07:39:39.189957,2026-05-11,07:39,Monday,3,S Eastern Ave,13.07,23.2,22.1,-1.2
2026-05-11T07:44:39.680694,2026-05-11,07:44,Monday,1,S Spencer St,12.65,19.8,19.5,-0.3
2026-05-11T07:44:39.680694,2026-05-11,07:44,Monday,2,S Maryland Pkwy,13.1,19.8,19.6,-0.2
2026-05-11T07:44:39.680694,2026-05-11,07:44,Monday,3,S Eastern Ave,13.07,23.2,22.5,-0.7
2026-05-11T07:49:40.222593,2026-05-11,07:49,Monday,1,S Spencer St,12.65,19.8,19.8,-0.1
2026-05-11T07:49:40.222593,2026-05-11,07:49,Monday,2,S Maryland Pkwy,13.1,19.8,19.9,0.1
2026-05-11T07:49:40.222593,2026-05-11,07:49,Monday,3,S Eastern Ave,13.07,23.2,22.8,-0.4
2026-05-11T07:54:40.799477,2026-05-11,07:54,Monday,1,S Spencer St,12.65,19.8,19.5,-0.3
2026-05-11T07:54:40.799477,2026-05-11,07:54,Monday,2,S Maryland Pkwy,13.1,19.8,19.8,-0.1
2026-05-11T07:54:40.799477,2026-05-11,07:54,Monday,3,S Eastern Ave,13.56,23.0,22.4,-0.6
2026-05-11T07:59:41.327019,2026-05-11,07:59,Monday,1,S Spencer St,12.65,19.8,19.4,-0.4
2026-05-11T07:59:41.327019,2026-05-11,07:59,Monday,2,S Maryland Pkwy,13.1,19.8,19.6,-0.2
2026-05-11T07:59:41.327019,2026-05-11,07:59,Monday,3,S Eastern Ave,13.56,23.0,22.0,-1.0
2026-05-11T08:04:41.810278,2026-05-11,08:04,Monday,1,S Spencer St,12.65,19.8,19.4,-0.5
2026-05-11T08:04:41.810278,2026-05-11,08:04,Monday,2,S Maryland Pkwy,13.1,19.8,19.7,-0.1
2026-05-11T08:04:41.810278,2026-05-11,08:04,Monday,3,S Eastern Ave,13.56,23.0,22.0,-0.9
2026-05-11T08:09:42.386013,2026-05-11,08:09,Monday,1,S Spencer St,12.65,19.8,19.7,-0.1
2026-05-11T08:09:42.386013,2026-05-11,08:09,Monday,2,S Maryland Pkwy,13.1,19.8,20.0,0.1
2026-05-11T08:09:42.386013,2026-05-11,08:09,Monday,3,S Eastern Ave,13.56,23.0,22.2,-0.8
2026-05-11T08:14:42.863179,2026-05-11,08:14,Monday,1,S Spencer St,12.65,19.8,19.7,-0.1
2026-05-11T08:14:42.863179,2026-05-11,08:14,Monday,2,S Maryland Pkwy,13.1,19.8,20.1,0.2
2026-05-11T08:14:42.863179,2026-05-11,08:14,Monday,3,S Eastern Ave,13.56,23.0,22.1,-0.8
2026-05-11T08:19:43.384724,2026-05-11,08:19,Monday,1,S Spencer St,12.65,19.8,19.7,-0.1
2026-05-11T08:19:43.384724,2026-05-11,08:19,Monday,2,S Eastern Ave,13.56,23.0,22.1,-0.8
2026-05-11T08:19:43.384724,2026-05-11,08:19,Monday,3,I-15 S,27.18,24.6,25.8,1.2
2026-05-11T08:24:43.962743,2026-05-11,08:24,Monday,1,S Spencer St,12.65,19.8,19.6,-0.2
2026-05-11T08:24:43.962743,2026-05-11,08:24,Monday,2,S Maryland Pkwy,13.1,19.8,19.9,0.1
2026-05-11T08:24:43.962743,2026-05-11,08:24,Monday,3,S Eastern Ave,13.56,23.0,22.0,-1.0
2026-05-11T08:29:44.437186,2026-05-11,08:29,Monday,1,S Spencer St,12.65,19.8,20.0,0.2
2026-05-11T08:29:44.437186,2026-05-11,08:29,Monday,2,S Eastern Ave,13.56,23.0,22.2,-0.8
2026-05-11T08:29:44.437186,2026-05-11,08:29,Monday,3,I-15 S,27.18,24.6,25.8,1.1
2026-05-11T08:34:44.901478,2026-05-11,08:34,Monday,1,S Spencer St,12.65,19.8,20.3,0.5
2026-05-11T08:34:44.901478,2026-05-11,08:34,Monday,2,S Eastern Ave,13.56,23.0,22.4,-0.6
2026-05-11T08:34:44.901478,2026-05-11,08:34,Monday,3,I-15 S,27.18,24.6,26.1,1.4
2026-05-11T08:39:45.491896,2026-05-11,08:39,Monday,1,S Spencer St,12.65,19.8,20.3,0.5
2026-05-11T08:39:45.491896,2026-05-11,08:39,Monday,2,S Eastern Ave,13.56,23.0,22.3,-0.7
2026-05-11T08:39:45.491896,2026-05-11,08:39,Monday,3,I-15 S,27.18,24.6,25.9,1.2
2026-05-11T08:44:46.016677,2026-05-11,08:44,Monday,1,S Spencer St,12.65,19.8,20.5,0.7
2026-05-11T08:44:46.016677,2026-05-11,08:44,Monday,2,S Eastern Ave,13.56,23.0,22.1,-0.8
2026-05-11T08:44:46.016677,2026-05-11,08:44,Monday,3,I-15 S,27.18,24.6,26.1,1.5
2026-05-11T08:49:46.607793,2026-05-11,08:49,Monday,1,S Spencer St,12.65,19.8,20.5,0.7
2026-05-11T08:49:46.607793,2026-05-11,08:49,Monday,2,S Eastern Ave,13.56,23.0,22.3,-0.7
2026-05-11T08:49:46.607793,2026-05-11,08:49,Monday,3,I-15 S,27.18,24.6,25.9,1.3
2026-05-11T08:54:47.119945,2026-05-11,08:54,Monday,1,S Spencer St,12.65,19.8,20.5,0.7
2026-05-11T08:54:47.119945,2026-05-11,08:54,Monday,2,S Eastern Ave,13.56,23.0,22.0,-1.0
2026-05-11T08:54:47.119945,2026-05-11,08:54,Monday,3,I-15 S,27.18,24.6,25.7,1.1
2026-05-11T08:59:47.718830,2026-05-11,08:59,Monday,1,S Spencer St,12.65,19.8,20.5,0.7
2026-05-11T08:59:47.718830,2026-05-11,08:59,Monday,2,S Eastern Ave,13.56,23.0,22.0,-0.9
2026-05-11T08:59:47.718830,2026-05-11,08:59,Monday,3,I-15 S,27.18,24.6,25.6,0.9
2026-05-11T09:04:48.180332,2026-05-11,09:04,Monday,1,S Spencer St,12.65,19.8,20.1,0.3
2026-05-11T09:04:48.180332,2026-05-11,09:04,Monday,2,S Eastern Ave,13.56,23.0,22.1,-0.8
2026-05-11T09:04:48.180332,2026-05-11,09:04,Monday,3,I-15 S,27.18,24.6,25.6,1.0
2026-05-11T09:09:48.760513,2026-05-11,09:09,Monday,1,S Spencer St,12.65,19.8,20.2,0.3
2026-05-11T09:09:48.760513,2026-05-11,09:09,Monday,2,S Eastern Ave,13.57,23.1,21.8,-1.3
2026-05-11T09:09:48.760513,2026-05-11,09:09,Monday,3,I-15 S,27.18,24.6,25.6,0.9
2026-05-11T09:14:49.253222,2026-05-11,09:14,Monday,1,S Spencer St,12.65,19.8,19.9,0.0
2026-05-11T09:14:49.253222,2026-05-11,09:14,Monday,2,S Eastern Ave,13.56,23.0,22.0,-1.0
2026-05-11T09:14:49.253222,2026-05-11,09:14,Monday,3,I-15 S,27.18,24.6,25.5,0.8
2026-05-11T09:19:49.825748,2026-05-11,09:19,Monday,1,S Spencer St,12.65,19.8,20.0,0.2
2026-05-11T09:19:49.825748,2026-05-11,09:19,Monday,2,S Maryland Pkwy,13.1,19.8,20.5,0.7
2026-05-11T09:19:49.825748,2026-05-11,09:19,Monday,3,S Eastern Ave,13.57,23.1,21.8,-1.3
2026-05-11T09:24:50.349549,2026-05-11,09:24,Monday,1,S Spencer St,12.65,19.8,19.8,-0.0
2026-05-11T09:24:50.349549,2026-05-11,09:24,Monday,2,S Maryland Pkwy,13.1,19.8,20.4,0.6
2026-05-11T09:24:50.349549,2026-05-11,09:24,Monday,3,S Eastern Ave,13.56,23.0,21.9,-1.1
2026-05-11T09:29:50.883165,2026-05-11,09:29,Monday,1,S Spencer St,12.65,19.8,19.7,-0.1
2026-05-11T09:29:50.883165,2026-05-11,09:29,Monday,2,S Maryland Pkwy,13.1,19.8,20.3,0.5
2026-05-11T09:29:50.883165,2026-05-11,09:29,Monday,3,S Eastern Ave,13.56,23.0,21.8,-1.2
2026-05-11T09:34:51.308268,2026-05-11,09:34,Monday,1,S Spencer St,12.65,19.8,19.8,0.0
2026-05-11T09:34:51.308268,2026-05-11,09:34,Monday,2,S Eastern Ave,13.56,23.0,22.0,-1.0
2026-05-11T09:34:51.308268,2026-05-11,09:34,Monday,3,I-15 S,27.18,24.6,25.3,0.7
2026-05-11T09:39:51.868271,2026-05-11,09:39,Monday,1,S Spencer St,12.65,19.8,19.6,-0.2
2026-05-11T09:39:51.868271,2026-05-11,09:39,Monday,2,S Maryland Pkwy,13.1,19.8,20.1,0.2
2026-05-11T09:39:51.868271,2026-05-11,09:39,Monday,3,S Eastern Ave,13.56,23.0,21.8,-1.2
2026-05-11T09:44:52.357318,2026-05-11,09:44,Monday,1,S Spencer St,12.65,19.8,19.7,-0.1
2026-05-11T09:44:52.357318,2026-05-11,09:44,Monday,2,S Maryland Pkwy,13.1,19.8,20.1,0.3
2026-05-11T09:44:52.357318,2026-05-11,09:44,Monday,3,S Eastern Ave,13.56,23.0,21.8,-1.1
2026-05-11T09:49:52.923391,2026-05-11,09:49,Monday,1,S Spencer St,12.65,19.8,19.7,-0.1
2026-05-11T09:49:52.923391,2026-05-11,09:49,Monday,2,S Eastern Ave,13.56,23.0,21.8,-1.2
2026-05-11T09:49:52.923391,2026-05-11,09:49,Monday,3,I-15 S,27.18,24.6,25.4,0.7
2026-05-11T09:54:53.532813,2026-05-11,09:54,Monday,1,S Spencer St,12.65,19.8,19.9,0.1
2026-05-11T09:54:53.532813,2026-05-11,09:54,Monday,2,S Eastern Ave,13.56,23.0,21.8,-1.2
2026-05-11T09:54:53.532813,2026-05-11,09:54,Monday,3,I-15 S,27.18,24.6,25.2,0.5
2026-05-11T09:59:54.093952,2026-05-11,09:59,Monday,1,S Spencer St,12.65,19.8,20.0,0.1
2026-05-11T09:59:54.093952,2026-05-11,09:59,Monday,2,S Eastern Ave,13.56,23.0,21.9,-1.1
2026-05-11T09:59:54.093952,2026-05-11,09:59,Monday,3,I-15 S,27.18,24.6,25.3,0.6
2026-05-11T14:33:57.260600,2026-05-11,14:33,Monday,1,S Maryland Pkwy,13.1,19.9,21.8,1.9
2026-05-11T14:33:57.260600,2026-05-11,14:33,Monday,2,Bermuda Rd,14.49,22.2,23.0,0.8
2026-05-11T14:33:57.260600,2026-05-11,14:33,Monday,3,S Eastern Ave,13.57,23.1,24.4,1.3
2026-05-11T14:38:57.881083,2026-05-11,14:38,Monday,1,S Maryland Pkwy,13.1,19.9,21.8,1.9
2026-05-11T14:38:57.881083,2026-05-11,14:38,Monday,2,Bermuda Rd,14.49,22.2,22.6,0.5
2026-05-11T14:38:57.881083,2026-05-11,14:38,Monday,3,S Eastern Ave,13.57,23.1,24.6,1.5
2026-05-11T14:43:58.383766,2026-05-11,14:43,Monday,1,S Maryland Pkwy,13.1,19.9,21.9,2.0
2026-05-11T14:43:58.383766,2026-05-11,14:43,Monday,2,Bermuda Rd,14.49,22.2,23.1,0.9
2026-05-11T14:43:58.383766,2026-05-11,14:43,Monday,3,S Eastern Ave,13.57,23.1,24.9,1.8
2026-05-11T14:48:58.905206,2026-05-11,14:48,Monday,1,S Maryland Pkwy,13.1,19.9,21.9,2.0
2026-05-11T14:48:58.905206,2026-05-11,14:48,Monday,2,Bermuda Rd,15.11,22.2,23.7,1.5
2026-05-11T14:48:58.905206,2026-05-11,14:48,Monday,3,S Eastern Ave,13.57,23.1,24.9,1.8
2026-05-11T14:53:59.470642,2026-05-11,14:53,Monday,1,S Maryland Pkwy,13.1,19.9,21.9,2.0
2026-05-11T14:53:59.470642,2026-05-11,14:53,Monday,2,Bermuda Rd,15.11,22.2,23.6,1.4
2026-05-11T14:53:59.470642,2026-05-11,14:53,Monday,3,S Eastern Ave,13.57,23.1,24.4,1.3
2026-05-11T14:59:00.106342,2026-05-11,14:59,Monday,1,S Maryland Pkwy,13.1,19.9,22.1,2.2
2026-05-11T14:59:00.106342,2026-05-11,14:59,Monday,2,Bermuda Rd,15.11,22.2,23.7,1.5
2026-05-11T14:59:00.106342,2026-05-11,14:59,Monday,3,S Eastern Ave,13.57,23.1,24.5,1.4
2026-05-12T07:04:02.488719,2026-05-12,07:04,Tuesday,1,S Spencer St,12.65,19.9,19.8,-0.1
2026-05-12T07:04:02.488719,2026-05-12,07:04,Tuesday,2,S Maryland Pkwy,13.1,19.9,19.8,-0.1
2026-05-12T07:04:02.488719,2026-05-12,07:04,Tuesday,3,S Eastern Ave,13.07,23.2,21.7,-1.5
2026-05-12T07:09:03.285723,2026-05-12,07:09,Tuesday,1,S Spencer St,12.65,19.9,19.7,-0.2
2026-05-12T07:09:03.285723,2026-05-12,07:09,Tuesday,2,S Maryland Pkwy,13.1,19.9,19.7,-0.2
2026-05-12T07:09:03.285723,2026-05-12,07:09,Tuesday,3,S Eastern Ave,13.07,23.2,21.6,-1.7
2026-05-12T07:14:03.741657,2026-05-12,07:14,Tuesday,1,S Spencer St,12.65,19.9,20.2,0.3
2026-05-12T07:14:03.741657,2026-05-12,07:14,Tuesday,2,S Maryland Pkwy,13.1,19.9,20.2,0.3
2026-05-12T07:14:03.741657,2026-05-12,07:14,Tuesday,3,S Eastern Ave,13.07,23.2,21.8,-1.4
2026-05-12T07:19:04.332572,2026-05-12,07:19,Tuesday,1,S Maryland Pkwy,13.1,19.9,20.1,0.2
2026-05-12T07:19:04.332572,2026-05-12,07:19,Tuesday,2,S Spencer St,12.65,19.9,20.3,0.4
2026-05-12T07:19:04.332572,2026-05-12,07:19,Tuesday,3,S Eastern Ave,13.07,23.2,22.8,-0.4
2026-05-12T07:24:04.815880,2026-05-12,07:24,Tuesday,1,S Maryland Pkwy,13.1,19.9,20.0,0.1
2026-05-12T07:24:04.815880,2026-05-12,07:24,Tuesday,2,S Spencer St,12.65,19.9,20.1,0.2
2026-05-12T07:24:04.815880,2026-05-12,07:24,Tuesday,3,S Eastern Ave,13.07,23.2,22.1,-1.2
2026-05-12T07:29:05.346588,2026-05-12,07:29,Tuesday,1,S Maryland Pkwy,13.1,19.9,19.9,0.0
2026-05-12T07:29:05.346588,2026-05-12,07:29,Tuesday,2,S Spencer St,12.65,19.9,20.0,0.1
2026-05-12T07:29:05.346588,2026-05-12,07:29,Tuesday,3,S Eastern Ave,13.07,23.2,22.4,-0.8
2026-05-12T07:34:05.813844,2026-05-12,07:34,Tuesday,1,S Spencer St,12.65,19.9,19.9,0.0
2026-05-12T07:34:05.813844,2026-05-12,07:34,Tuesday,2,S Maryland Pkwy,13.1,19.9,20.1,0.1
2026-05-12T07:34:05.813844,2026-05-12,07:34,Tuesday,3,S Eastern Ave,13.07,23.2,22.5,-0.8
2026-05-12T07:39:06.352793,2026-05-12,07:39,Tuesday,1,S Maryland Pkwy,13.1,19.9,20.0,0.1
2026-05-12T07:39:06.352793,2026-05-12,07:39,Tuesday,2,S Spencer St,12.65,19.9,20.1,0.2
2026-05-12T07:39:06.352793,2026-05-12,07:39,Tuesday,3,S Eastern Ave,13.07,23.2,22.4,-0.8
2026-05-12T07:44:06.870930,2026-05-12,07:44,Tuesday,1,S Maryland Pkwy,13.1,19.9,20.2,0.3
2026-05-12T07:44:06.870930,2026-05-12,07:44,Tuesday,2,S Spencer St,12.65,19.9,20.4,0.5
2026-05-12T07:44:06.870930,2026-05-12,07:44,Tuesday,3,S Eastern Ave,13.57,23.1,22.3,-0.8
2026-05-12T07:49:07.434150,2026-05-12,07:49,Tuesday,1,S Spencer St,12.65,19.9,20.3,0.4
2026-05-12T07:49:07.434150,2026-05-12,07:49,Tuesday,2,S Maryland Pkwy,13.1,19.9,20.7,0.8
2026-05-12T07:49:07.434150,2026-05-12,07:49,Tuesday,3,S Eastern Ave,13.57,23.1,22.3,-0.8
2026-05-12T07:54:07.976010,2026-05-12,07:54,Tuesday,1,S Spencer St,12.65,19.9,20.4,0.5
2026-05-12T07:54:07.976010,2026-05-12,07:54,Tuesday,2,S Maryland Pkwy,13.1,19.9,20.6,0.6
2026-05-12T07:54:07.976010,2026-05-12,07:54,Tuesday,3,S Eastern Ave,13.56,23.0,22.4,-0.6
2026-05-12T07:59:08.507150,2026-05-12,07:59,Tuesday,1,S Spencer St,12.65,19.9,19.9,0.0
2026-05-12T07:59:08.507150,2026-05-12,07:59,Tuesday,2,S Maryland Pkwy,13.1,19.9,20.5,0.6
2026-05-12T07:59:08.507150,2026-05-12,07:59,Tuesday,3,S Eastern Ave,13.56,23.0,22.3,-0.7
2026-05-12T08:04:08.990507,2026-05-12,08:04,Tuesday,1,S Spencer St,12.65,19.9,20.3,0.4
2026-05-12T08:04:08.990507,2026-05-12,08:04,Tuesday,2,S Maryland Pkwy,13.1,19.9,20.7,0.8
2026-05-12T08:04:08.990507,2026-05-12,08:04,Tuesday,3,S Eastern Ave,13.56,23.0,22.1,-0.8
2026-05-12T08:09:09.546768,2026-05-12,08:09,Tuesday,1,S Spencer St,12.65,19.9,20.1,0.2
2026-05-12T08:09:09.546768,2026-05-12,08:09,Tuesday,2,S Maryland Pkwy,13.1,19.9,20.7,0.8
2026-05-12T08:09:09.546768,2026-05-12,08:09,Tuesday,3,S Eastern Ave,13.56,23.0,22.0,-0.9
2026-05-12T08:14:10.134155,2026-05-12,08:14,Tuesday,1,S Spencer St,12.65,19.9,20.1,0.2
2026-05-12T08:14:10.134155,2026-05-12,08:14,Tuesday,2,S Maryland Pkwy,13.1,19.9,20.8,0.8
2026-05-12T08:14:10.134155,2026-05-12,08:14,Tuesday,3,S Eastern Ave,13.56,23.0,22.0,-0.9
2026-05-12T08:19:10.654815,2026-05-12,08:19,Tuesday,1,S Spencer St,12.65,19.9,20.2,0.3
2026-05-12T08:19:10.654815,2026-05-12,08:19,Tuesday,2,S Maryland Pkwy,13.1,19.9,20.8,0.9
2026-05-12T08:19:10.654815,2026-05-12,08:19,Tuesday,3,S Eastern Ave,13.56,23.0,22.2,-0.8
2026-05-12T08:24:11.158998,2026-05-12,08:24,Tuesday,1,S Spencer St,12.65,19.9,20.2,0.3
2026-05-12T08:24:11.158998,2026-05-12,08:24,Tuesday,2,S Maryland Pkwy,13.1,19.9,21.1,1.2
2026-05-12T08:24:11.158998,2026-05-12,08:24,Tuesday,3,S Eastern Ave,13.56,23.0,22.3,-0.7
2026-05-12T08:29:11.642234,2026-05-12,08:29,Tuesday,1,S Spencer St,12.65,19.9,20.2,0.3
2026-05-12T08:29:11.642234,2026-05-12,08:29,Tuesday,2,S Maryland Pkwy,13.1,19.9,21.2,1.3
2026-05-12T08:29:11.642234,2026-05-12,08:29,Tuesday,3,S Eastern Ave,13.56,23.0,22.3,-0.7
2026-05-12T08:34:12.118689,2026-05-12,08:34,Tuesday,1,S Spencer St,12.65,19.9,20.2,0.3
2026-05-12T08:34:12.118689,2026-05-12,08:34,Tuesday,2,S Eastern Ave,13.56,23.0,22.4,-0.6
2026-05-12T08:34:12.118689,2026-05-12,08:34,Tuesday,3,Bermuda Rd,14.49,22.2,23.1,0.9
2026-05-12T08:39:12.629580,2026-05-12,08:39,Tuesday,1,S Spencer St,12.65,19.9,20.4,0.5
2026-05-12T08:39:12.629580,2026-05-12,08:39,Tuesday,2,S Eastern Ave,13.56,23.0,22.3,-0.6
2026-05-12T08:39:12.629580,2026-05-12,08:39,Tuesday,3,Bermuda Rd,14.49,22.2,23.0,0.8
2026-05-12T08:44:13.098069,2026-05-12,08:44,Tuesday,1,S Spencer St,12.65,19.9,20.1,0.2
2026-05-12T08:44:13.098069,2026-05-12,08:44,Tuesday,2,S Eastern Ave,13.56,23.0,22.4,-0.6
2026-05-12T08:44:13.098069,2026-05-12,08:44,Tuesday,3,Bermuda Rd,14.49,22.2,22.9,0.8
2026-05-12T08:49:13.648226,2026-05-12,08:49,Tuesday,1,S Spencer St,12.65,19.9,20.0,0.1
2026-05-12T08:49:13.648226,2026-05-12,08:49,Tuesday,2,S Eastern Ave,13.56,23.0,22.2,-0.7
2026-05-12T08:49:13.648226,2026-05-12,08:49,Tuesday,3,I-15 S,27.18,24.6,26.0,1.4
2026-05-12T08:54:14.167236,2026-05-12,08:54,Tuesday,1,S Spencer St,12.65,19.9,20.1,0.2
2026-05-12T08:54:14.167236,2026-05-12,08:54,Tuesday,2,S Eastern Ave,13.56,23.0,22.3,-0.7
2026-05-12T08:54:14.167236,2026-05-12,08:54,Tuesday,3,Bermuda Rd,14.49,22.2,22.7,0.6
2026-05-12T08:59:14.662889,2026-05-12,08:59,Tuesday,1,S Spencer St,12.65,19.9,19.9,0.1
2026-05-12T08:59:14.662889,2026-05-12,08:59,Tuesday,2,S Eastern Ave,13.56,23.0,22.2,-0.8
2026-05-12T08:59:14.662889,2026-05-12,08:59,Tuesday,3,Bermuda Rd,14.49,22.2,22.5,0.3
2026-05-12T09:04:15.135784,2026-05-12,09:04,Tuesday,1,S Spencer St,12.65,19.9,19.9,0.0
2026-05-12T09:04:15.135784,2026-05-12,09:04,Tuesday,2,S Eastern Ave,13.56,23.0,22.0,-1.0
2026-05-12T09:04:15.135784,2026-05-12,09:04,Tuesday,3,Bermuda Rd,14.49,22.2,22.4,0.2
2026-05-12T09:09:15.725283,2026-05-12,09:09,Tuesday,1,S Spencer St,12.65,19.9,20.1,0.2
2026-05-12T09:09:15.725283,2026-05-12,09:09,Tuesday,2,S Eastern Ave,13.56,23.0,22.1,-0.9
2026-05-12T09:09:15.725283,2026-05-12,09:09,Tuesday,3,I-15 S,27.18,24.6,25.7,1.1
2026-05-12T09:14:16.229766,2026-05-12,09:14,Tuesday,1,S Spencer St,12.65,19.9,19.8,-0.1
2026-05-12T09:14:16.229766,2026-05-12,09:14,Tuesday,2,S Maryland Pkwy,13.1,19.9,20.4,0.5
2026-05-12T09:14:16.229766,2026-05-12,09:14,Tuesday,3,S Eastern Ave,13.56,23.0,22.1,-0.9
2026-05-12T09:19:16.732367,2026-05-12,09:19,Tuesday,1,S Spencer St,12.65,19.9,20.2,0.3
2026-05-12T09:19:16.732367,2026-05-12,09:19,Tuesday,2,S Eastern Ave,13.56,23.0,22.6,-0.3
2026-05-12T09:19:16.732367,2026-05-12,09:19,Tuesday,3,I-15 S,27.18,24.6,25.6,0.9
2026-05-12T09:24:17.252335,2026-05-12,09:24,Tuesday,1,S Spencer St,12.65,19.9,20.1,0.2
2026-05-12T09:24:17.252335,2026-05-12,09:24,Tuesday,2,S Eastern Ave,13.56,23.0,22.3,-0.6
2026-05-12T09:24:17.252335,2026-05-12,09:24,Tuesday,3,I-15 S,27.18,24.6,25.5,0.8
2026-05-12T09:29:17.833798,2026-05-12,09:29,Tuesday,1,S Spencer St,12.65,19.9,20.0,0.1
2026-05-12T09:29:17.833798,2026-05-12,09:29,Tuesday,2,S Maryland Pkwy,13.1,19.9,20.2,0.3
2026-05-12T09:29:17.833798,2026-05-12,09:29,Tuesday,3,S Eastern Ave,13.56,23.0,22.3,-0.7
2026-05-12T09:34:18.328610,2026-05-12,09:34,Tuesday,1,S Spencer St,12.65,19.9,19.9,0.1
2026-05-12T09:34:18.328610,2026-05-12,09:34,Tuesday,2,S Maryland Pkwy,13.1,19.9,20.0,0.1
2026-05-12T09:34:18.328610,2026-05-12,09:34,Tuesday,3,S Eastern Ave,13.56,23.0,22.2,-0.8
2026-05-12T09:39:18.976949,2026-05-12,09:39,Tuesday,1,S Spencer St,12.65,19.9,19.8,-0.1
2026-05-12T09:39:18.976949,2026-05-12,09:39,Tuesday,2,S Maryland Pkwy,13.1,19.9,20.0,0.1
2026-05-12T09:39:18.976949,2026-05-12,09:39,Tuesday,3,S Eastern Ave,13.56,23.0,22.4,-0.6
2026-05-12T09:44:19.459047,2026-05-12,09:44,Tuesday,1,S Spencer St,12.65,19.9,19.9,0.0
2026-05-12T09:44:19.459047,2026-05-12,09:44,Tuesday,2,S Maryland Pkwy,13.1,19.9,20.1,0.2
2026-05-12T09:44:19.459047,2026-05-12,09:44,Tuesday,3,S Eastern Ave,13.56,23.0,22.3,-0.6
2026-05-12T09:49:20.000436,2026-05-12,09:49,Tuesday,1,S Spencer St,12.65,19.9,19.8,-0.1
2026-05-12T09:49:20.000436,2026-05-12,09:49,Tuesday,2,Bermuda Rd,15.11,22.2,22.4,0.2
2026-05-12T09:49:20.000436,2026-05-12,09:49,Tuesday,3,S Eastern Ave,13.56,23.0,22.4,-0.6
2026-05-12T09:54:20.523709,2026-05-12,09:54,Tuesday,1,S Spencer St,12.65,19.9,20.1,0.2
2026-05-12T09:54:20.523709,2026-05-12,09:54,Tuesday,2,S Maryland Pkwy,13.1,19.9,20.4,0.5
2026-05-12T09:54:20.523709,2026-05-12,09:54,Tuesday,3,S Eastern Ave,13.56,23.0,22.6,-0.4
2026-05-12T09:59:21.098434,2026-05-12,09:59,Tuesday,1,S Spencer St,12.65,19.9,20.2,0.3
2026-05-12T09:59:21.098434,2026-05-12,09:59,Tuesday,2,S Maryland Pkwy,13.1,19.9,20.5,0.6
2026-05-12T09:59:21.098434,2026-05-12,09:59,Tuesday,3,S Eastern Ave,13.56,23.0,22.6,-0.3
2026-05-12T14:42:32.874557,2026-05-12,14:42,Tuesday,1,S Maryland Pkwy,13.1,19.9,21.8,1.8
2026-05-12T14:42:32.874557,2026-05-12,14:42,Tuesday,2,Bermuda Rd,14.49,22.2,23.2,1.1
2026-05-12T14:42:32.874557,2026-05-12,14:42,Tuesday,3,S Eastern Ave,13.58,23.0,26.1,3.1
2026-05-12T14:47:33.546903,2026-05-12,14:47,Tuesday,1,S Maryland Pkwy,13.1,19.9,22.0,2.0
2026-05-12T14:47:33.546903,2026-05-12,14:47,Tuesday,2,Bermuda Rd,14.49,22.2,23.3,1.1
2026-05-12T14:47:33.546903,2026-05-12,14:47,Tuesday,3,S Eastern Ave,13.57,23.1,25.7,2.6
2026-05-12T14:52:34.002867,2026-05-12,14:52,Tuesday,1,S Maryland Pkwy,13.1,19.9,22.1,2.1
2026-05-12T14:52:34.002867,2026-05-12,14:52,Tuesday,2,Bermuda Rd,14.49,22.2,23.2,1.1
2026-05-12T14:52:34.002867,2026-05-12,14:52,Tuesday,3,S Eastern Ave,13.57,23.1,25.2,2.2
2026-05-12T14:57:34.525817,2026-05-12,14:57,Tuesday,1,S Maryland Pkwy,13.1,19.9,22.3,2.4
2026-05-12T14:57:34.525817,2026-05-12,14:57,Tuesday,2,S Eastern Ave,13.56,23.0,25.6,2.6
2026-05-12T14:57:34.525817,2026-05-12,14:57,Tuesday,3,I-15 S,27.18,24.6,27.5,2.8
2026-05-12T15:02:35.016133,2026-05-12,15:02,Tuesday,1,S Maryland Pkwy,13.1,19.9,22.9,2.9
2026-05-12T15:02:35.016133,2026-05-12,15:02,Tuesday,2,S Eastern Ave,13.07,23.2,26.3,3.1
2026-05-12T15:02:35.016133,2026-05-12,15:02,Tuesday,3,I-15 S,27.18,24.6,27.8,3.1
2026-05-12T15:51:48.063020,2026-05-12,15:51,Tuesday,1,S Spencer St,12.65,19.9,23.1,3.2
2026-05-12T15:51:48.063020,2026-05-12,15:51,Tuesday,2,Bermuda Rd,14.49,22.2,23.2,1.0
2026-05-12T15:51:48.063020,2026-05-12,15:51,Tuesday,3,S Eastern Ave,13.57,23.1,24.2,1.1
2026-05-12T15:56:48.814659,2026-05-12,15:56,Tuesday,1,S Maryland Pkwy,13.1,19.9,22.6,2.6
2026-05-12T15:56:48.814659,2026-05-12,15:56,Tuesday,2,Bermuda Rd,14.49,22.2,23.1,0.9
2026-05-12T15:56:48.814659,2026-05-12,15:56,Tuesday,3,S Eastern Ave,13.57,23.1,24.4,1.4
2026-05-12T16:01:49.316383,2026-05-12,16:01,Tuesday,1,S Maryland Pkwy,13.1,19.9,22.3,2.4
2026-05-12T16:01:49.316383,2026-05-12,16:01,Tuesday,2,S Spencer St,12.65,19.9,22.7,2.8
2026-05-12T16:01:49.316383,2026-05-12,16:01,Tuesday,3,S Eastern Ave,13.07,23.2,24.9,1.7
2026-05-12T16:06:50.981880,2026-05-12,16:06,Tuesday,1,S Maryland Pkwy,13.1,19.9,22.1,2.1
2026-05-12T16:06:50.981880,2026-05-12,16:06,Tuesday,2,S Spencer St,12.65,19.9,22.2,2.3
2026-05-12T16:06:50.981880,2026-05-12,16:06,Tuesday,3,S Eastern Ave,13.57,23.1,24.0,0.9
2026-05-12T16:11:51.750582,2026-05-12,16:11,Tuesday,1,S Maryland Pkwy,13.1,19.9,21.5,1.6
2026-05-12T16:11:51.750582,2026-05-12,16:11,Tuesday,2,Bermuda Rd,15.11,22.2,23.3,1.1
2026-05-12T16:11:51.750582,2026-05-12,16:11,Tuesday,3,S Eastern Ave,13.57,23.1,24.0,0.9
2026-05-12T16:16:52.244762,2026-05-12,16:16,Tuesday,1,S Maryland Pkwy,13.1,19.9,21.3,1.4
2026-05-12T16:16:52.244762,2026-05-12,16:16,Tuesday,2,Bermuda Rd,14.49,22.2,22.7,0.5
2026-05-12T16:16:52.244762,2026-05-12,16:16,Tuesday,3,S Eastern Ave,13.57,23.1,24.3,1.2
2026-05-12T16:21:52.721276,2026-05-12,16:21,Tuesday,1,S Maryland Pkwy,13.1,19.9,21.4,1.5
2026-05-12T16:21:52.721276,2026-05-12,16:21,Tuesday,2,Bermuda Rd,14.49,22.2,22.8,0.6
2026-05-12T16:21:52.721276,2026-05-12,16:21,Tuesday,3,S Eastern Ave,13.57,23.1,24.5,1.4
2026-05-13T07:00:34.205409,2026-05-13,07:00,Wednesday,1,S Maryland Pkwy,13.1,19.9,19.8,-0.1
2026-05-13T07:00:34.205409,2026-05-13,07:00,Wednesday,2,S Spencer St,12.65,19.9,20.4,0.5
2026-05-13T07:00:34.205409,2026-05-13,07:00,Wednesday,3,S Eastern Ave,13.07,22.8,21.1,-1.7
2026-05-13T07:05:34.926816,2026-05-13,07:05,Wednesday,1,S Maryland Pkwy,13.1,19.9,19.8,-0.1
2026-05-13T07:05:34.926816,2026-05-13,07:05,Wednesday,2,S Spencer St,12.65,19.9,20.1,0.2
2026-05-13T07:05:34.926816,2026-05-13,07:05,Wednesday,3,S Eastern Ave,13.07,22.8,21.2,-1.5
2026-05-13T07:10:35.360504,2026-05-13,07:10,Wednesday,1,S Spencer St,12.65,19.9,19.3,-0.6
2026-05-13T07:10:35.360504,2026-05-13,07:10,Wednesday,2,S Maryland Pkwy,13.1,19.9,19.7,-0.2
2026-05-13T07:10:35.360504,2026-05-13,07:10,Wednesday,3,S Eastern Ave,13.07,22.8,21.2,-1.6
2026-05-13T07:15:35.877732,2026-05-13,07:15,Wednesday,1,S Spencer St,12.65,19.9,19.7,-0.2
2026-05-13T07:15:35.877732,2026-05-13,07:15,Wednesday,2,S Maryland Pkwy,13.1,19.9,19.8,-0.1
2026-05-13T07:15:35.877732,2026-05-13,07:15,Wednesday,3,S Eastern Ave,13.07,22.8,21.4,-1.4
2026-05-13T07:20:36.367528,2026-05-13,07:20,Wednesday,1,S Spencer St,12.65,19.9,19.7,-0.2
2026-05-13T07:20:36.367528,2026-05-13,07:20,Wednesday,2,S Maryland Pkwy,13.1,19.9,19.9,-0.0
2026-05-13T07:20:36.367528,2026-05-13,07:20,Wednesday,3,S Eastern Ave,13.07,22.8,21.5,-1.2
2026-05-13T07:25:36.957925,2026-05-13,07:25,Wednesday,1,S Spencer St,12.65,19.9,20.1,0.2
2026-05-13T07:25:36.957925,2026-05-13,07:25,Wednesday,2,S Maryland Pkwy,13.1,19.9,20.3,0.4
2026-05-13T07:25:36.957925,2026-05-13,07:25,Wednesday,3,S Eastern Ave,13.07,22.8,21.9,-0.9
2026-05-13T07:30:37.419394,2026-05-13,07:30,Wednesday,1,S Spencer St,12.65,19.9,19.8,-0.1
2026-05-13T07:30:37.419394,2026-05-13,07:30,Wednesday,2,S Maryland Pkwy,13.1,19.9,20.1,0.2
2026-05-13T07:30:37.419394,2026-05-13,07:30,Wednesday,3,S Eastern Ave,13.07,22.8,22.3,-0.4
2026-05-13T07:35:38.034122,2026-05-13,07:35,Wednesday,1,S Spencer St,12.65,19.9,20.2,0.3
2026-05-13T07:35:38.034122,2026-05-13,07:35,Wednesday,2,S Maryland Pkwy,13.1,19.9,20.4,0.5
2026-05-13T07:35:38.034122,2026-05-13,07:35,Wednesday,3,S Eastern Ave,13.07,22.8,22.6,-0.1
2026-05-13T07:40:38.526538,2026-05-13,07:40,Wednesday,1,S Spencer St,12.65,19.9,20.1,0.2
2026-05-13T07:40:38.526538,2026-05-13,07:40,Wednesday,2,S Maryland Pkwy,13.1,19.9,20.1,0.2
2026-05-13T07:40:38.526538,2026-05-13,07:40,Wednesday,3,S Eastern Ave,13.07,22.8,22.6,-0.2
2026-05-13T07:45:39.032835,2026-05-13,07:45,Wednesday,1,S Spencer St,12.65,19.9,20.2,0.3
2026-05-13T07:45:39.032835,2026-05-13,07:45,Wednesday,2,S Maryland Pkwy,13.1,19.9,20.3,0.4
2026-05-13T07:45:39.032835,2026-05-13,07:45,Wednesday,3,S Eastern Ave,13.07,22.8,23.2,0.4
2026-05-13T07:50:39.610612,2026-05-13,07:50,Wednesday,1,S Spencer St,12.65,19.9,20.1,0.2
2026-05-13T07:50:39.610612,2026-05-13,07:50,Wednesday,2,S Maryland Pkwy,13.1,19.9,20.2,0.3
2026-05-13T07:50:39.610612,2026-05-13,07:50,Wednesday,3,S Eastern Ave,13.57,22.5,22.1,-0.4
2026-05-13T07:55:40.208683,2026-05-13,07:55,Wednesday,1,S Spencer St,12.65,19.9,20.0,0.1
2026-05-13T07:55:40.208683,2026-05-13,07:55,Wednesday,2,S Maryland Pkwy,13.1,19.9,20.1,0.2
2026-05-13T07:55:40.208683,2026-05-13,07:55,Wednesday,3,S Eastern Ave,13.57,22.5,22.0,-0.5
2026-05-13T08:00:40.707238,2026-05-13,08:00,Wednesday,1,S Spencer St,12.65,19.9,19.6,-0.2
2026-05-13T08:00:40.707238,2026-05-13,08:00,Wednesday,2,S Maryland Pkwy,13.1,19.9,20.1,0.2
2026-05-13T08:00:40.707238,2026-05-13,08:00,Wednesday,3,S Eastern Ave,13.56,22.4,22.1,-0.4
2026-05-13T08:05:41.288022,2026-05-13,08:05,Wednesday,1,S Spencer St,12.65,19.9,19.7,-0.1
2026-05-13T08:05:41.288022,2026-05-13,08:05,Wednesday,2,S Maryland Pkwy,13.1,19.9,20.0,0.1
2026-05-13T08:05:41.288022,2026-05-13,08:05,Wednesday,3,S Eastern Ave,13.56,22.4,22.1,-0.3
2026-05-13T08:10:41.736964,2026-05-13,08:10,Wednesday,1,S Spencer St,12.65,19.9,19.9,0.1
2026-05-13T08:10:41.736964,2026-05-13,08:10,Wednesday,2,S Maryland Pkwy,13.1,19.9,20.2,0.3
2026-05-13T08:10:41.736964,2026-05-13,08:10,Wednesday,3,S Eastern Ave,13.56,22.4,21.9,-0.6
2026-05-13T08:15:42.307421,2026-05-13,08:15,Wednesday,1,S Spencer St,12.65,19.9,20.0,0.1
2026-05-13T08:15:42.307421,2026-05-13,08:15,Wednesday,2,S Maryland Pkwy,13.1,19.9,20.4,0.5
2026-05-13T08:15:42.307421,2026-05-13,08:15,Wednesday,3,S Eastern Ave,13.56,22.4,22.0,-0.4
2026-05-13T08:20:42.825287,2026-05-13,08:20,Wednesday,1,S Spencer St,12.65,19.9,19.8,-0.1
2026-05-13T08:20:42.825287,2026-05-13,08:20,Wednesday,2,S Maryland Pkwy,13.1,19.9,20.6,0.7
2026-05-13T08:20:42.825287,2026-05-13,08:20,Wednesday,3,S Eastern Ave,13.56,22.4,22.2,-0.2
2026-05-13T08:25:43.337864,2026-05-13,08:25,Wednesday,1,S Spencer St,12.65,19.9,19.9,-0.0
2026-05-13T08:25:43.337864,2026-05-13,08:25,Wednesday,2,S Maryland Pkwy,13.1,19.9,20.6,0.7
2026-05-13T08:25:43.337864,2026-05-13,08:25,Wednesday,3,S Eastern Ave,13.56,22.4,22.2,-0.2
2026-05-13T08:30:43.778533,2026-05-13,08:30,Wednesday,1,S Spencer St,12.65,19.9,19.9,-0.0
2026-05-13T08:30:43.778533,2026-05-13,08:30,Wednesday,2,S Eastern Ave,13.56,22.4,22.2,-0.3
2026-05-13T08:30:43.778533,2026-05-13,08:30,Wednesday,3,I-15 S,27.18,24.6,25.9,1.2
2026-05-13T08:35:44.388199,2026-05-13,08:35,Wednesday,1,S Spencer St,12.65,19.9,20.1,0.2
2026-05-13T08:35:44.388199,2026-05-13,08:35,Wednesday,2,S Eastern Ave,13.56,22.4,22.4,-0.1
2026-05-13T08:35:44.388199,2026-05-13,08:35,Wednesday,3,I-15 S,27.18,24.6,26.0,1.4
2026-05-13T08:40:44.941514,2026-05-13,08:40,Wednesday,1,S Spencer St,12.65,19.9,20.0,0.1
2026-05-13T08:40:44.941514,2026-05-13,08:40,Wednesday,2,S Eastern Ave,13.56,22.4,22.4,-0.0
2026-05-13T08:40:44.941514,2026-05-13,08:40,Wednesday,3,I-15 S,27.18,24.6,26.5,1.9
2026-05-13T08:45:45.465103,2026-05-13,08:45,Wednesday,1,S Spencer St,12.65,19.9,19.9,0.0
2026-05-13T08:45:45.465103,2026-05-13,08:45,Wednesday,2,S Eastern Ave,13.56,22.4,22.6,0.1
2026-05-13T08:45:45.465103,2026-05-13,08:45,Wednesday,3,I-15 S,27.18,24.6,26.1,1.5
2026-05-13T08:50:46.037507,2026-05-13,08:50,Wednesday,1,S Spencer St,12.65,19.9,20.0,0.1
2026-05-13T08:50:46.037507,2026-05-13,08:50,Wednesday,2,S Eastern Ave,13.56,22.4,22.5,0.1
2026-05-13T08:50:46.037507,2026-05-13,08:50,Wednesday,3,I-15 S,27.18,24.6,26.0,1.4
2026-05-13T08:55:46.550897,2026-05-13,08:55,Wednesday,1,S Spencer St,12.65,19.9,19.9,0.0
2026-05-13T08:55:46.550897,2026-05-13,08:55,Wednesday,2,S Eastern Ave,13.56,22.4,22.0,-0.4
2026-05-13T08:55:46.550897,2026-05-13,08:55,Wednesday,3,I-15 S,27.18,24.6,26.1,1.4
2026-05-13T09:00:47.130248,2026-05-13,09:00,Wednesday,1,S Spencer St,12.65,19.9,19.6,-0.2
2026-05-13T09:00:47.130248,2026-05-13,09:00,Wednesday,2,S Eastern Ave,13.56,22.4,21.7,-0.8
2026-05-13T09:00:47.130248,2026-05-13,09:00,Wednesday,3,I-15 S,27.18,24.6,25.9,1.2
2026-05-13T09:05:47.620464,2026-05-13,09:05,Wednesday,1,S Spencer St,12.65,19.9,19.9,0.0
2026-05-13T09:05:47.620464,2026-05-13,09:05,Wednesday,2,S Eastern Ave,13.56,22.4,21.7,-0.8
2026-05-13T09:05:47.620464,2026-05-13,09:05,Wednesday,3,I-15 S,27.18,24.6,26.1,1.5
2026-05-13T09:10:48.158103,2026-05-13,09:10,Wednesday,1,S Spencer St,12.65,19.9,19.8,-0.1
2026-05-13T09:10:48.158103,2026-05-13,09:10,Wednesday,2,S Eastern Ave,13.56,22.4,21.8,-0.6
2026-05-13T09:10:48.158103,2026-05-13,09:10,Wednesday,3,I-15 S,27.18,24.6,26.0,1.4
2026-05-13T09:15:48.685403,2026-05-13,09:15,Wednesday,1,S Spencer St,12.65,19.9,20.1,0.2
2026-05-13T09:15:48.685403,2026-05-13,09:15,Wednesday,2,S Maryland Pkwy,13.1,19.9,20.6,0.7
2026-05-13T09:15:48.685403,2026-05-13,09:15,Wednesday,3,S Eastern Ave,13.56,22.4,21.8,-0.6
2026-05-13T09:20:49.290456,2026-05-13,09:20,Wednesday,1,S Spencer St,12.65,19.9,20.0,0.1
2026-05-13T09:20:49.290456,2026-05-13,09:20,Wednesday,2,S Maryland Pkwy,13.1,19.9,20.5,0.6
2026-05-13T09:20:49.290456,2026-05-13,09:20,Wednesday,3,S Eastern Ave,13.56,22.4,21.6,-0.8
2026-05-13T09:25:49.794873,2026-05-13,09:25,Wednesday,1,S Spencer St,12.65,19.9,20.0,0.1
2026-05-13T09:25:49.794873,2026-05-13,09:25,Wednesday,2,S Maryland Pkwy,13.1,19.9,20.5,0.6
2026-05-13T09:25:49.794873,2026-05-13,09:25,Wednesday,3,S Eastern Ave,13.56,22.4,21.7,-0.8
2026-05-13T09:30:50.384662,2026-05-13,09:30,Wednesday,1,S Spencer St,12.65,19.9,20.1,0.2
2026-05-13T09:30:50.384662,2026-05-13,09:30,Wednesday,2,S Eastern Ave,13.56,22.4,22.0,-0.4
2026-05-13T09:30:50.384662,2026-05-13,09:30,Wednesday,3,Bermuda Rd,15.11,22.2,22.6,0.4
2026-05-13T09:35:50.988489,2026-05-13,09:35,Wednesday,1,S Spencer St,12.65,19.9,19.9,0.1
2026-05-13T09:35:50.988489,2026-05-13,09:35,Wednesday,2,S Eastern Ave,13.56,22.4,22.1,-0.4
2026-05-13T09:35:50.988489,2026-05-13,09:35,Wednesday,3,Bermuda Rd,15.11,22.2,22.5,0.3
2026-05-13T09:40:51.593399,2026-05-13,09:40,Wednesday,1,S Spencer St,12.65,19.9,20.0,0.1
2026-05-13T09:40:51.593399,2026-05-13,09:40,Wednesday,2,S Eastern Ave,13.56,22.4,22.1,-0.3
2026-05-13T09:40:51.593399,2026-05-13,09:40,Wednesday,3,Bermuda Rd,15.11,22.2,22.6,0.4
2026-05-13T09:45:52.096209,2026-05-13,09:45,Wednesday,1,S Spencer St,12.65,19.9,20.0,0.1
2026-05-13T09:45:52.096209,2026-05-13,09:45,Wednesday,2,S Eastern Ave,13.56,22.4,22.2,-0.2
2026-05-13T09:45:52.096209,2026-05-13,09:45,Wednesday,3,Bermuda Rd,15.11,22.2,22.4,0.3
2026-05-13T09:50:52.627791,2026-05-13,09:50,Wednesday,1,S Spencer St,12.65,19.9,20.0,0.1
2026-05-13T09:50:52.627791,2026-05-13,09:50,Wednesday,2,Bermuda Rd,15.11,22.2,22.3,0.1
2026-05-13T09:50:52.627791,2026-05-13,09:50,Wednesday,3,S Eastern Ave,13.56,22.4,22.3,-0.1
2026-05-13T09:55:53.057593,2026-05-13,09:55,Wednesday,1,S Spencer St,12.65,19.9,19.6,-0.2
2026-05-13T09:55:53.057593,2026-05-13,09:55,Wednesday,2,S Eastern Ave,13.56,22.4,21.8,-0.7
2026-05-13T09:55:53.057593,2026-05-13,09:55,Wednesday,3,Bermuda Rd,15.11,22.2,22.2,0.0
2026-05-13T14:31:00.736426,2026-05-13,14:31,Wednesday,1,S Maryland Pkwy,13.1,19.9,22.2,2.3
2026-05-13T14:31:00.736426,2026-05-13,14:31,Wednesday,2,Bermuda Rd,14.49,22.1,23.3,1.1
2026-05-13T14:31:00.736426,2026-05-13,14:31,Wednesday,3,S Eastern Ave,13.57,22.5,24.9,2.4
2026-05-13T14:36:01.344282,2026-05-13,14:36,Wednesday,1,S Maryland Pkwy,13.1,19.9,22.4,2.5
2026-05-13T14:36:01.344282,2026-05-13,14:36,Wednesday,2,Bermuda Rd,14.49,22.1,23.2,1.0
2026-05-13T14:36:01.344282,2026-05-13,14:36,Wednesday,3,S Eastern Ave,13.57,22.5,24.6,2.1
2026-05-13T14:41:01.810536,2026-05-13,14:41,Wednesday,1,S Maryland Pkwy,13.1,19.9,22.0,2.1
2026-05-13T14:41:01.810536,2026-05-13,14:41,Wednesday,2,Bermuda Rd,14.49,22.1,22.9,0.8
2026-05-13T14:41:01.810536,2026-05-13,14:41,Wednesday,3,S Eastern Ave,13.57,22.5,24.8,2.2
2026-05-13T14:46:02.228428,2026-05-13,14:46,Wednesday,1,S Maryland Pkwy,13.1,19.9,22.0,2.1
2026-05-13T14:46:02.228428,2026-05-13,14:46,Wednesday,2,Bermuda Rd,14.49,22.1,23.1,0.9
2026-05-13T14:46:02.228428,2026-05-13,14:46,Wednesday,3,S Eastern Ave,13.57,22.5,24.8,2.3
2026-05-13T14:51:02.827859,2026-05-13,14:51,Wednesday,1,S Maryland Pkwy,13.1,19.9,22.2,2.4
2026-05-13T14:51:02.827859,2026-05-13,14:51,Wednesday,2,Bermuda Rd,14.49,22.1,23.1,0.9
2026-05-13T14:51:02.827859,2026-05-13,14:51,Wednesday,3,S Eastern Ave,13.57,22.5,24.4,1.9
2026-05-13T14:56:03.249210,2026-05-13,14:56,Wednesday,1,S Maryland Pkwy,13.1,19.9,22.1,2.2
2026-05-13T14:56:03.249210,2026-05-13,14:56,Wednesday,2,Bermuda Rd,14.49,22.1,23.0,0.9
2026-05-13T14:56:03.249210,2026-05-13,14:56,Wednesday,3,S Eastern Ave,13.57,22.5,24.1,1.6
2026-05-13T15:01:03.798853,2026-05-13,15:01,Wednesday,1,S Maryland Pkwy,13.1,19.9,22.5,2.6
2026-05-13T15:01:03.798853,2026-05-13,15:01,Wednesday,2,Bermuda Rd,14.49,22.1,23.2,1.1
2026-05-13T15:01:03.798853,2026-05-13,15:01,Wednesday,3,S Eastern Ave,13.57,22.5,24.4,1.9
2026-05-14T07:01:26.914261,2026-05-14,07:01,Thursday,1,S Maryland Pkwy,13.1,19.9,20.0,0.1
2026-05-14T07:01:26.914261,2026-05-14,07:01,Thursday,2,S Spencer St,12.65,19.9,20.1,0.2
2026-05-14T07:01:26.914261,2026-05-14,07:01,Thursday,3,S Eastern Ave,13.07,22.8,21.3,-1.5
2026-05-14T07:06:27.482088,2026-05-14,07:06,Thursday,1,S Spencer St,12.65,19.9,19.8,-0.1
2026-05-14T07:06:27.482088,2026-05-14,07:06,Thursday,2,S Maryland Pkwy,13.1,19.9,19.9,-0.1
2026-05-14T07:06:27.482088,2026-05-14,07:06,Thursday,3,S Eastern Ave,13.07,22.8,21.4,-1.3
2026-05-14T07:11:28.019450,2026-05-14,07:11,Thursday,1,S Spencer St,12.65,19.9,19.8,-0.1
2026-05-14T07:11:28.019450,2026-05-14,07:11,Thursday,2,S Maryland Pkwy,13.1,19.9,19.9,-0.0
2026-05-14T07:11:28.019450,2026-05-14,07:11,Thursday,3,S Eastern Ave,13.07,22.8,21.8,-1.0
2026-05-14T07:16:28.588625,2026-05-14,07:16,Thursday,1,S Maryland Pkwy,13.1,19.9,19.6,-0.3
2026-05-14T07:16:28.588625,2026-05-14,07:16,Thursday,2,S Spencer St,12.65,19.9,19.7,-0.2
2026-05-14T07:16:28.588625,2026-05-14,07:16,Thursday,3,S Eastern Ave,13.07,22.8,21.8,-0.9
2026-05-14T07:21:29.134573,2026-05-14,07:21,Thursday,1,S Spencer St,12.65,19.9,19.8,-0.1
2026-05-14T07:21:29.134573,2026-05-14,07:21,Thursday,2,S Maryland Pkwy,13.1,19.9,19.9,0.0
2026-05-14T07:21:29.134573,2026-05-14,07:21,Thursday,3,S Eastern Ave,13.07,22.8,22.1,-0.7
2026-05-14T07:26:29.605454,2026-05-14,07:26,Thursday,1,S Spencer St,12.65,19.9,19.7,-0.2
2026-05-14T07:26:29.605454,2026-05-14,07:26,Thursday,2,S Maryland Pkwy,13.1,19.9,19.9,0.1
2026-05-14T07:26:29.605454,2026-05-14,07:26,Thursday,3,S Eastern Ave,13.07,22.8,22.4,-0.3
2026-05-14T07:31:30.069525,2026-05-14,07:31,Thursday,1,S Spencer St,12.65,19.9,20.1,0.2
2026-05-14T07:31:30.069525,2026-05-14,07:31,Thursday,2,S Maryland Pkwy,13.1,19.9,20.3,0.4
2026-05-14T07:31:30.069525,2026-05-14,07:31,Thursday,3,S Eastern Ave,13.07,22.8,22.4,-0.4
2026-05-14T07:36:30.679181,2026-05-14,07:36,Thursday,1,S Spencer St,12.65,19.9,20.2,0.3
2026-05-14T07:36:30.679181,2026-05-14,07:36,Thursday,2,S Maryland Pkwy,13.1,19.9,20.2,0.3
2026-05-14T07:36:30.679181,2026-05-14,07:36,Thursday,3,S Eastern Ave,13.07,22.8,22.6,-0.1
2026-05-14T07:41:31.091895,2026-05-14,07:41,Thursday,1,S Spencer St,12.65,19.9,20.4,0.5
2026-05-14T07:41:31.091895,2026-05-14,07:41,Thursday,2,S Maryland Pkwy,13.1,19.9,20.4,0.6
2026-05-14T07:41:31.091895,2026-05-14,07:41,Thursday,3,S Eastern Ave,13.07,22.8,22.9,0.1
2026-05-14T07:46:31.626185,2026-05-14,07:46,Thursday,1,S Spencer St,12.65,19.9,20.4,0.5
2026-05-14T07:46:31.626185,2026-05-14,07:46,Thursday,2,S Maryland Pkwy,13.1,19.9,20.4,0.5
2026-05-14T07:46:31.626185,2026-05-14,07:46,Thursday,3,S Eastern Ave,13.07,22.8,23.2,0.5
2026-05-14T07:51:32.177365,2026-05-14,07:51,Thursday,1,S Spencer St,12.65,19.9,20.4,0.6
2026-05-14T07:51:32.177365,2026-05-14,07:51,Thursday,2,S Maryland Pkwy,13.1,19.9,20.6,0.7
2026-05-14T07:51:32.177365,2026-05-14,07:51,Thursday,3,S Eastern Ave,13.07,22.8,23.3,0.6
2026-05-14T07:56:32.661791,2026-05-14,07:56,Thursday,1,S Spencer St,12.65,19.9,20.2,0.4
2026-05-14T07:56:32.661791,2026-05-14,07:56,Thursday,2,S Maryland Pkwy,13.1,19.9,20.2,0.3
2026-05-14T07:56:32.661791,2026-05-14,07:56,Thursday,3,S Eastern Ave,13.57,22.5,22.7,0.2
2026-05-14T08:01:33.195787,2026-05-14,08:01,Thursday,1,S Spencer St,12.65,19.9,19.8,-0.1
2026-05-14T08:01:33.195787,2026-05-14,08:01,Thursday,2,S Maryland Pkwy,13.1,19.9,20.1,0.2
2026-05-14T08:01:33.195787,2026-05-14,08:01,Thursday,3,S Eastern Ave,13.56,22.4,23.0,0.5
2026-05-14T08:06:33.771174,2026-05-14,08:06,Thursday,1,S Spencer St,12.65,19.9,19.9,-0.0
2026-05-14T08:06:33.771174,2026-05-14,08:06,Thursday,2,S Maryland Pkwy,13.1,19.9,20.3,0.4
2026-05-14T08:06:33.771174,2026-05-14,08:06,Thursday,3,S Eastern Ave,13.57,22.5,22.8,0.2
2026-05-14T08:11:34.214123,2026-05-14,08:11,Thursday,1,S Spencer St,12.65,19.9,19.9,0.0
2026-05-14T08:11:34.214123,2026-05-14,08:11,Thursday,2,S Eastern Ave,13.56,22.4,22.6,0.2
2026-05-14T08:11:34.214123,2026-05-14,08:11,Thursday,3,I-15 S,27.18,24.6,26.1,1.5
2026-05-14T08:16:34.739242,2026-05-14,08:16,Thursday,1,S Spencer St,12.65,19.9,19.8,-0.1
2026-05-14T08:16:34.739242,2026-05-14,08:16,Thursday,2,S Maryland Pkwy,13.1,19.9,20.3,0.4
2026-05-14T08:16:34.739242,2026-05-14,08:16,Thursday,3,S Eastern Ave,13.56,22.4,22.3,-0.2
2026-05-14T08:21:35.245956,2026-05-14,08:21,Thursday,1,S Spencer St,12.65,19.9,19.8,-0.1
2026-05-14T08:21:35.245956,2026-05-14,08:21,Thursday,2,S Eastern Ave,13.56,22.4,22.1,-0.3
2026-05-14T08:21:35.245956,2026-05-14,08:21,Thursday,3,I-15 S,27.18,24.6,25.8,1.1
2026-05-14T08:26:42.154510,2026-05-14,08:26,Thursday,1,S Spencer St,12.65,19.9,20.0,0.1
2026-05-14T08:26:42.154510,2026-05-14,08:26,Thursday,2,S Eastern Ave,13.56,22.4,22.0,-0.4
2026-05-14T08:26:42.154510,2026-05-14,08:26,Thursday,3,I-15 S,27.18,24.6,25.9,1.2
2026-05-14T08:31:42.582507,2026-05-14,08:31,Thursday,1,S Spencer St,12.65,19.9,20.1,0.2
2026-05-14T08:31:42.582507,2026-05-14,08:31,Thursday,2,S Eastern Ave,13.56,22.4,22.1,-0.3
2026-05-14T08:31:42.582507,2026-05-14,08:31,Thursday,3,I-15 S,27.18,24.6,25.7,1.1
2026-05-14T08:36:43.175637,2026-05-14,08:36,Thursday,1,S Spencer St,12.65,19.9,20.0,0.1
2026-05-14T08:36:43.175637,2026-05-14,08:36,Thursday,2,S Eastern Ave,13.57,22.5,22.1,-0.4
2026-05-14T08:36:43.175637,2026-05-14,08:36,Thursday,3,I-15 S,27.18,24.6,25.8,1.2
2026-05-14T08:41:43.604542,2026-05-14,08:41,Thursday,1,S Spencer St,12.65,19.9,20.2,0.3
2026-05-14T08:41:43.604542,2026-05-14,08:41,Thursday,2,S Eastern Ave,13.57,22.5,22.0,-0.5
2026-05-14T08:41:43.604542,2026-05-14,08:41,Thursday,3,I-15 S,27.18,24.6,25.9,1.3
2026-05-14T08:46:44.111490,2026-05-14,08:46,Thursday,1,S Spencer St,12.65,19.9,20.4,0.6
2026-05-14T08:46:44.111490,2026-05-14,08:46,Thursday,2,S Eastern Ave,13.57,22.5,22.1,-0.4
2026-05-14T08:46:44.111490,2026-05-14,08:46,Thursday,3,I-15 S,27.18,24.6,25.8,1.2
2026-05-14T08:51:44.693179,2026-05-14,08:51,Thursday,1,S Spencer St,12.65,19.9,20.7,0.8
2026-05-14T08:51:44.693179,2026-05-14,08:51,Thursday,2,S Eastern Ave,13.56,22.4,22.4,-0.1
2026-05-14T08:51:44.693179,2026-05-14,08:51,Thursday,3,I-15 S,27.18,24.6,26.1,1.5
2026-05-14T08:56:45.254648,2026-05-14,08:56,Thursday,1,S Spencer St,12.65,19.9,20.5,0.6
2026-05-14T08:56:45.254648,2026-05-14,08:56,Thursday,2,S Eastern Ave,13.56,22.4,22.1,-0.4
2026-05-14T08:56:45.254648,2026-05-14,08:56,Thursday,3,I-15 S,27.18,24.6,26.0,1.4
2026-05-14T09:01:45.762419,2026-05-14,09:01,Thursday,1,S Spencer St,12.65,19.9,20.2,0.3
2026-05-14T09:01:45.762419,2026-05-14,09:01,Thursday,2,S Eastern Ave,13.57,22.5,21.7,-0.8
2026-05-14T09:01:45.762419,2026-05-14,09:01,Thursday,3,I-15 S,27.18,24.6,25.8,1.2
2026-05-14T09:06:46.312531,2026-05-14,09:06,Thursday,1,S Spencer St,12.65,19.9,20.2,0.3
2026-05-14T09:06:46.312531,2026-05-14,09:06,Thursday,2,S Eastern Ave,13.57,22.5,21.5,-1.0
2026-05-14T09:06:46.312531,2026-05-14,09:06,Thursday,3,I-15 S,27.18,24.6,25.6,1.0
2026-05-14T09:11:46.914680,2026-05-14,09:11,Thursday,1,S Spencer St,12.65,19.9,20.0,0.1
2026-05-14T09:11:46.914680,2026-05-14,09:11,Thursday,2,S Maryland Pkwy,13.1,19.9,20.7,0.8
2026-05-14T09:11:46.914680,2026-05-14,09:11,Thursday,3,S Eastern Ave,13.57,22.5,21.5,-1.0
2026-05-14T09:16:47.466528,2026-05-14,09:16,Thursday,1,S Spencer St,12.65,19.9,19.9,0.0
2026-05-14T09:16:47.466528,2026-05-14,09:16,Thursday,2,S Maryland Pkwy,13.1,19.9,20.3,0.4
2026-05-14T09:16:47.466528,2026-05-14,09:16,Thursday,3,S Eastern Ave,13.57,22.5,21.3,-1.2
2026-05-14T09:21:48.000186,2026-05-14,09:21,Thursday,1,S Spencer St,12.65,19.9,19.9,0.0
2026-05-14T09:21:48.000186,2026-05-14,09:21,Thursday,2,S Maryland Pkwy,13.1,19.9,20.0,0.1
2026-05-14T09:21:48.000186,2026-05-14,09:21,Thursday,3,S Eastern Ave,13.57,22.5,21.1,-1.4
2026-05-14T09:26:48.566188,2026-05-14,09:26,Thursday,1,S Spencer St,12.65,19.9,19.8,-0.1
2026-05-14T09:26:48.566188,2026-05-14,09:26,Thursday,2,S Maryland Pkwy,13.1,19.9,20.0,0.1
2026-05-14T09:26:48.566188,2026-05-14,09:26,Thursday,3,S Eastern Ave,13.57,22.5,21.6,-0.9
2026-05-14T09:31:49.076105,2026-05-14,09:31,Thursday,1,S Spencer St,12.65,19.9,20.0,0.1
2026-05-14T09:31:49.076105,2026-05-14,09:31,Thursday,2,S Maryland Pkwy,13.1,19.9,20.1,0.2
2026-05-14T09:31:49.076105,2026-05-14,09:31,Thursday,3,S Eastern Ave,13.57,22.5,21.9,-0.6
2026-05-14T09:36:49.683497,2026-05-14,09:36,Thursday,1,S Spencer St,12.65,19.9,19.9,0.1
2026-05-14T09:36:49.683497,2026-05-14,09:36,Thursday,2,S Maryland Pkwy,13.1,19.9,20.1,0.2
2026-05-14T09:36:49.683497,2026-05-14,09:36,Thursday,3,S Eastern Ave,13.57,22.5,21.7,-0.8
2026-05-14T09:41:50.168935,2026-05-14,09:41,Thursday,1,S Spencer St,12.65,19.9,19.9,0.0
2026-05-14T09:41:50.168935,2026-05-14,09:41,Thursday,2,S Maryland Pkwy,13.1,19.9,19.9,0.0
2026-05-14T09:41:50.168935,2026-05-14,09:41,Thursday,3,S Eastern Ave,13.57,22.5,21.9,-0.6
2026-05-14T09:46:50.730494,2026-05-14,09:46,Thursday,1,S Spencer St,12.65,19.9,19.8,-0.1
2026-05-14T09:46:50.730494,2026-05-14,09:46,Thursday,2,S Maryland Pkwy,13.1,19.9,19.9,-0.0
2026-05-14T09:46:50.730494,2026-05-14,09:46,Thursday,3,S Eastern Ave,13.56,22.4,22.1,-0.3
2026-05-14T09:51:51.190111,2026-05-14,09:51,Thursday,1,S Spencer St,12.65,19.9,19.8,-0.1
2026-05-14T09:51:51.190111,2026-05-14,09:51,Thursday,2,S Eastern Ave,13.56,22.4,22.2,-0.2
2026-05-14T09:51:51.190111,2026-05-14,09:51,Thursday,3,Bermuda Rd,15.11,22.2,22.3,0.1
2026-05-14T09:56:51.755925,2026-05-14,09:56,Thursday,1,S Spencer St,12.65,19.9,19.7,-0.2
2026-05-14T09:56:51.755925,2026-05-14,09:56,Thursday,2,S Maryland Pkwy,13.1,19.9,20.0,0.1
2026-05-14T09:56:51.755925,2026-05-14,09:56,Thursday,3,S Eastern Ave,13.57,22.5,22.1,-0.4
2026-05-14T14:31:59.047774,2026-05-14,14:31,Thursday,1,S Maryland Pkwy,13.1,19.9,21.7,1.8
2026-05-14T14:31:59.047774,2026-05-14,14:31,Thursday,2,Bermuda Rd,14.49,22.1,23.6,1.4
2026-05-14T14:31:59.047774,2026-05-14,14:31,Thursday,3,S Eastern Ave,13.07,22.8,25.2,2.4
2026-05-14T14:36:59.642103,2026-05-14,14:36,Thursday,1,S Maryland Pkwy,13.1,19.9,21.1,1.2
2026-05-14T14:36:59.642103,2026-05-14,14:36,Thursday,2,Bermuda Rd,14.49,22.1,23.0,0.9
2026-05-14T14:36:59.642103,2026-05-14,14:36,Thursday,3,S Eastern Ave,13.57,22.5,24.8,2.3
2026-05-14T14:42:00.122893,2026-05-14,14:42,Thursday,1,S Maryland Pkwy,13.1,19.9,20.8,0.9
2026-05-14T14:42:00.122893,2026-05-14,14:42,Thursday,2,Bermuda Rd,14.49,22.1,22.7,0.5
2026-05-14T14:42:00.122893,2026-05-14,14:42,Thursday,3,S Eastern Ave,13.57,22.5,24.5,2.0
2026-05-14T14:47:00.731644,2026-05-14,14:47,Thursday,1,S Maryland Pkwy,13.1,19.9,21.0,1.1
2026-05-14T14:47:00.731644,2026-05-14,14:47,Thursday,2,Bermuda Rd,14.49,22.1,22.7,0.6
2026-05-14T14:47:00.731644,2026-05-14,14:47,Thursday,3,S Eastern Ave,13.58,22.4,24.6,2.2
2026-05-14T14:52:01.203136,2026-05-14,14:52,Thursday,1,S Maryland Pkwy,13.1,19.9,20.9,1.0
2026-05-14T14:52:01.203136,2026-05-14,14:52,Thursday,2,Bermuda Rd,14.49,22.1,22.8,0.6
2026-05-14T14:52:01.203136,2026-05-14,14:52,Thursday,3,S Eastern Ave,13.57,22.5,24.2,1.7
2026-05-14T14:57:01.680549,2026-05-14,14:57,Thursday,1,S Maryland Pkwy,13.1,19.9,21.2,1.3
2026-05-14T14:57:01.680549,2026-05-14,14:57,Thursday,2,Bermuda Rd,14.49,22.1,22.9,0.7
2026-05-14T14:57:01.680549,2026-05-14,14:57,Thursday,3,S Eastern Ave,13.57,22.5,24.5,2.0
2026-05-15T07:03:25.738962,2026-05-15,07:03,Friday,1,S Maryland Pkwy,13.1,19.9,19.3,-0.6
2026-05-15T07:03:25.738962,2026-05-15,07:03,Friday,2,S Spencer St,12.65,19.9,19.7,-0.1
2026-05-15T07:03:25.738962,2026-05-15,07:03,Friday,3,S Eastern Ave,13.07,22.8,21.4,-1.3
2026-05-15T07:08:26.390520,2026-05-15,07:08,Friday,1,S Maryland Pkwy,13.1,19.9,19.5,-0.4
2026-05-15T07:08:26.390520,2026-05-15,07:08,Friday,2,S Spencer St,12.65,19.9,19.6,-0.3
2026-05-15T07:08:26.390520,2026-05-15,07:08,Friday,3,S Eastern Ave,13.07,22.8,21.3,-1.4
2026-05-15T07:13:26.917840,2026-05-15,07:13,Friday,1,S Maryland Pkwy,13.1,19.9,19.6,-0.3
2026-05-15T07:13:26.917840,2026-05-15,07:13,Friday,2,S Spencer St,12.65,19.9,20.1,0.3
2026-05-15T07:13:26.917840,2026-05-15,07:13,Friday,3,S Eastern Ave,13.07,22.8,21.3,-1.4
2026-05-15T07:18:27.555871,2026-05-15,07:18,Friday,1,S Spencer St,12.65,19.9,19.6,-0.3
2026-05-15T07:18:27.555871,2026-05-15,07:18,Friday,2,S Maryland Pkwy,13.1,19.9,19.6,-0.3
2026-05-15T07:18:27.555871,2026-05-15,07:18,Friday,3,S Eastern Ave,13.07,22.8,21.6,-1.1
2026-05-15T07:23:28.065605,2026-05-15,07:23,Friday,1,S Maryland Pkwy,13.1,19.9,19.4,-0.5
2026-05-15T07:23:28.065605,2026-05-15,07:23,Friday,2,S Spencer St,12.65,19.9,19.5,-0.4
2026-05-15T07:23:28.065605,2026-05-15,07:23,Friday,3,S Eastern Ave,13.07,22.8,21.8,-1.0
2026-05-15T07:28:28.604912,2026-05-15,07:28,Friday,1,S Spencer St,12.65,19.9,19.4,-0.5
2026-05-15T07:28:28.604912,2026-05-15,07:28,Friday,2,S Maryland Pkwy,13.1,19.9,19.6,-0.3
2026-05-15T07:28:28.604912,2026-05-15,07:28,Friday,3,S Eastern Ave,13.07,22.8,22.1,-0.6
2026-05-15T07:33:29.131035,2026-05-15,07:33,Friday,1,S Spencer St,12.65,19.9,19.5,-0.4
2026-05-15T07:33:29.131035,2026-05-15,07:33,Friday,2,S Maryland Pkwy,13.1,19.9,19.5,-0.4
2026-05-15T07:33:29.131035,2026-05-15,07:33,Friday,3,S Eastern Ave,13.07,22.8,22.0,-0.8
2026-05-15T07:38:30.089878,2026-05-15,07:38,Friday,1,S Spencer St,12.65,19.9,19.6,-0.3
2026-05-15T07:38:30.089878,2026-05-15,07:38,Friday,2,S Maryland Pkwy,13.1,19.9,19.7,-0.2
2026-05-15T07:38:30.089878,2026-05-15,07:38,Friday,3,S Eastern Ave,13.07,22.8,22.3,-0.4
2026-05-15T07:43:30.592788,2026-05-15,07:43,Friday,1,S Spencer St,12.65,19.9,19.8,-0.1
2026-05-15T07:43:30.592788,2026-05-15,07:43,Friday,2,S Maryland Pkwy,13.1,19.9,19.9,0.1
2026-05-15T07:43:30.592788,2026-05-15,07:43,Friday,3,S Eastern Ave,13.07,22.8,22.3,-0.4
2026-05-15T07:48:31.172880,2026-05-15,07:48,Friday,1,S Spencer St,12.65,19.9,19.8,-0.1
2026-05-15T07:48:31.172880,2026-05-15,07:48,Friday,2,S Maryland Pkwy,13.1,19.9,20.1,0.2
2026-05-15T07:48:31.172880,2026-05-15,07:48,Friday,3,S Eastern Ave,13.56,22.4,22.1,-0.3
2026-05-15T07:53:31.710602,2026-05-15,07:53,Friday,1,S Spencer St,12.65,19.9,20.1,0.2
2026-05-15T07:53:31.710602,2026-05-15,07:53,Friday,2,S Maryland Pkwy,13.1,19.9,20.1,0.2
2026-05-15T07:53:31.710602,2026-05-15,07:53,Friday,3,S Eastern Ave,13.57,22.5,22.0,-0.6
2026-05-15T07:58:32.302733,2026-05-15,07:58,Friday,1,S Maryland Pkwy,13.1,19.9,20.1,0.2
2026-05-15T07:58:32.302733,2026-05-15,07:58,Friday,2,S Spencer St,12.65,19.9,20.2,0.3
2026-05-15T07:58:32.302733,2026-05-15,07:58,Friday,3,S Eastern Ave,13.57,22.5,22.1,-0.4
2026-05-15T08:03:32.818681,2026-05-15,08:03,Friday,1,S Spencer St,12.65,19.9,19.8,-0.1
2026-05-15T08:03:32.818681,2026-05-15,08:03,Friday,2,S Maryland Pkwy,13.1,19.9,19.9,0.0
2026-05-15T08:03:32.818681,2026-05-15,08:03,Friday,3,S Eastern Ave,13.57,22.5,22.9,0.4
2026-05-15T08:08:33.462495,2026-05-15,08:08,Friday,1,S Maryland Pkwy,13.1,19.9,19.9,-0.0
2026-05-15T08:08:33.462495,2026-05-15,08:08,Friday,2,S Spencer St,12.65,19.9,20.0,0.1
2026-05-15T08:08:33.462495,2026-05-15,08:08,Friday,3,S Eastern Ave,13.56,22.4,22.1,-0.3
2026-05-15T08:13:33.898468,2026-05-15,08:13,Friday,1,S Maryland Pkwy,13.1,19.9,19.8,-0.1
2026-05-15T08:13:33.898468,2026-05-15,08:13,Friday,2,S Spencer St,12.65,19.9,19.9,0.0
2026-05-15T08:13:33.898468,2026-05-15,08:13,Friday,3,S Eastern Ave,13.56,22.4,21.8,-0.7
2026-05-15T08:18:34.509790,2026-05-15,08:18,Friday,1,S Spencer St,12.65,19.9,20.1,0.2
2026-05-15T08:18:34.509790,2026-05-15,08:18,Friday,2,S Maryland Pkwy,13.1,19.9,20.1,0.2
2026-05-15T08:18:34.509790,2026-05-15,08:18,Friday,3,S Eastern Ave,13.56,22.4,21.6,-0.8
2026-05-15T08:23:35.077210,2026-05-15,08:23,Friday,1,S Spencer St,12.65,19.9,20.1,0.2
2026-05-15T08:23:35.077210,2026-05-15,08:23,Friday,2,S Eastern Ave,13.56,22.4,21.6,-0.8
2026-05-15T08:23:35.077210,2026-05-15,08:23,Friday,3,I-15 S,27.18,24.6,25.8,1.1
2026-05-15T08:28:35.612186,2026-05-15,08:28,Friday,1,S Spencer St,12.65,19.9,20.0,0.1
2026-05-15T08:28:35.612186,2026-05-15,08:28,Friday,2,S Maryland Pkwy,13.1,19.9,20.1,0.2
2026-05-15T08:28:35.612186,2026-05-15,08:28,Friday,3,S Eastern Ave,13.56,22.4,22.0,-0.5
2026-05-15T08:33:36.106114,2026-05-15,08:33,Friday,1,S Spencer St,12.65,19.9,20.0,0.1
2026-05-15T08:33:36.106114,2026-05-15,08:33,Friday,2,S Eastern Ave,13.56,22.4,21.9,-0.5
2026-05-15T08:33:36.106114,2026-05-15,08:33,Friday,3,I-15 S,27.18,24.6,25.8,1.1
2026-05-15T08:38:36.705620,2026-05-15,08:38,Friday,1,S Spencer St,12.65,19.9,19.9,0.0
2026-05-15T08:38:36.705620,2026-05-15,08:38,Friday,2,S Eastern Ave,13.56,22.4,22.0,-0.4
2026-05-15T08:38:36.705620,2026-05-15,08:38,Friday,3,I-15 S,27.18,24.6,25.9,1.2
2026-05-15T08:43:37.081544,2026-05-15,08:43,Friday,1,S Spencer St,12.65,19.9,20.2,0.3
2026-05-15T08:43:37.081544,2026-05-15,08:43,Friday,2,S Eastern Ave,13.56,22.4,22.3,-0.2
2026-05-15T08:43:37.081544,2026-05-15,08:43,Friday,3,I-15 S,27.18,24.6,26.9,2.3
2026-05-15T08:48:37.607122,2026-05-15,08:48,Friday,1,S Spencer St,12.65,19.9,20.0,0.1
2026-05-15T08:48:37.607122,2026-05-15,08:48,Friday,2,S Eastern Ave,13.56,22.4,22.3,-0.1
2026-05-15T08:48:37.607122,2026-05-15,08:48,Friday,3,Bermuda Rd,14.49,22.1,22.6,0.5
2026-05-15T08:53:38.163108,2026-05-15,08:53,Friday,1,S Spencer St,12.65,19.9,19.8,-0.1
2026-05-15T08:53:38.163108,2026-05-15,08:53,Friday,2,S Eastern Ave,13.56,22.4,21.7,-0.7
2026-05-15T08:53:38.163108,2026-05-15,08:53,Friday,3,Bermuda Rd,14.49,22.1,22.4,0.3
2026-05-15T08:58:38.715682,2026-05-15,08:58,Friday,1,S Spencer St,12.65,19.9,19.8,-0.1
2026-05-15T08:58:38.715682,2026-05-15,08:58,Friday,2,S Eastern Ave,13.56,22.4,22.0,-0.5
2026-05-15T08:58:38.715682,2026-05-15,08:58,Friday,3,I-15 S,27.18,24.6,25.8,1.2
2026-05-15T09:03:39.179103,2026-05-15,09:03,Friday,1,S Spencer St,12.65,19.9,20.1,0.2
2026-05-15T09:03:39.179103,2026-05-15,09:03,Friday,2,S Eastern Ave,13.56,22.4,21.7,-0.7
2026-05-15T09:03:39.179103,2026-05-15,09:03,Friday,3,I-15 S,27.18,24.6,25.7,1.1
2026-05-15T09:08:40.138508,2026-05-15,09:08,Friday,1,S Spencer St,12.65,19.9,20.1,0.2
2026-05-15T09:08:40.138508,2026-05-15,09:08,Friday,2,S Maryland Pkwy,13.1,19.9,20.3,0.4
2026-05-15T09:08:40.138508,2026-05-15,09:08,Friday,3,S Eastern Ave,13.56,22.4,21.6,-0.8
2026-05-15T09:13:41.023633,2026-05-15,09:13,Friday,1,S Spencer St,12.65,19.9,20.0,0.1
2026-05-15T09:13:41.023633,2026-05-15,09:13,Friday,2,S Maryland Pkwy,13.1,19.9,20.2,0.3
2026-05-15T09:13:41.023633,2026-05-15,09:13,Friday,3,S Eastern Ave,13.56,22.4,21.9,-0.6
2026-05-15T09:18:41.567920,2026-05-15,09:18,Friday,1,S Spencer St,12.65,19.9,19.8,-0.1
2026-05-15T09:18:41.567920,2026-05-15,09:18,Friday,2,S Maryland Pkwy,13.1,19.9,20.1,0.2
2026-05-15T09:18:41.567920,2026-05-15,09:18,Friday,3,S Eastern Ave,13.56,22.4,21.6,-0.8
2026-05-15T09:23:42.109875,2026-05-15,09:23,Friday,1,S Spencer St,12.65,19.9,19.9,0.0
2026-05-15T09:23:42.109875,2026-05-15,09:23,Friday,2,S Maryland Pkwy,13.1,19.9,20.1,0.2
2026-05-15T09:23:42.109875,2026-05-15,09:23,Friday,3,S Eastern Ave,13.56,22.4,21.9,-0.6
2026-05-15T09:28:42.625440,2026-05-15,09:28,Friday,1,S Spencer St,12.65,19.9,19.9,0.1
2026-05-15T09:28:42.625440,2026-05-15,09:28,Friday,2,S Eastern Ave,13.56,22.4,21.6,-0.8
2026-05-15T09:28:42.625440,2026-05-15,09:28,Friday,3,Bermuda Rd,15.11,22.2,22.5,0.3
2026-05-15T09:33:43.057220,2026-05-15,09:33,Friday,1,S Spencer St,12.65,19.9,20.0,0.1
2026-05-15T09:33:43.057220,2026-05-15,09:33,Friday,2,S Eastern Ave,13.56,22.4,22.2,-0.2
2026-05-15T09:33:43.057220,2026-05-15,09:33,Friday,3,Bermuda Rd,15.11,22.2,22.6,0.4
2026-05-15T09:38:43.565275,2026-05-15,09:38,Friday,1,S Spencer St,12.65,19.9,20.0,0.1
2026-05-15T09:38:43.565275,2026-05-15,09:38,Friday,2,S Eastern Ave,13.56,22.4,22.0,-0.4
2026-05-15T09:38:43.565275,2026-05-15,09:38,Friday,3,Bermuda Rd,15.11,22.2,22.6,0.4
2026-05-15T09:43:44.041536,2026-05-15,09:43,Friday,1,S Spencer St,12.65,19.9,20.1,0.2
2026-05-15T09:43:44.041536,2026-05-15,09:43,Friday,2,S Eastern Ave,13.56,22.4,22.3,-0.1
2026-05-15T09:43:44.041536,2026-05-15,09:43,Friday,3,Bermuda Rd,15.11,22.2,22.7,0.5
2026-05-15T09:48:44.521215,2026-05-15,09:48,Friday,1,S Spencer St,12.65,19.9,20.1,0.2
2026-05-15T09:48:44.521215,2026-05-15,09:48,Friday,2,S Eastern Ave,13.56,22.4,22.5,0.1
2026-05-15T09:48:44.521215,2026-05-15,09:48,Friday,3,Bermuda Rd,15.11,22.2,22.7,0.5
2026-05-15T09:53:44.972609,2026-05-15,09:53,Friday,1,S Spencer St,12.65,19.9,20.3,0.5
2026-05-15T09:53:44.972609,2026-05-15,09:53,Friday,2,S Eastern Ave,13.56,22.4,22.2,-0.2
2026-05-15T09:53:44.972609,2026-05-15,09:53,Friday,3,Bermuda Rd,15.11,22.2,22.4,0.2
2026-05-15T09:58:45.532657,2026-05-15,09:58,Friday,1,S Spencer St,12.65,19.9,20.4,0.5
2026-05-15T09:58:45.532657,2026-05-15,09:58,Friday,2,S Eastern Ave,13.56,22.4,22.2,-0.2
2026-05-15T09:58:45.532657,2026-05-15,09:58,Friday,3,Bermuda Rd,15.11,22.2,22.5,0.3
2026-05-15T14:41:00.199324,2026-05-15,14:41,Friday,1,S Maryland Pkwy,13.1,19.9,21.2,1.3
2026-05-15T14:41:00.199324,2026-05-15,14:41,Friday,2,Bermuda Rd,14.49,22.1,22.6,0.4
2026-05-15T14:41:00.199324,2026-05-15,14:41,Friday,3,S Eastern Ave,13.57,22.5,24.8,2.3
2026-05-15T14:46:00.982104,2026-05-15,14:46,Friday,1,S Maryland Pkwy,13.1,19.9,21.5,1.6
2026-05-15T14:46:00.982104,2026-05-15,14:46,Friday,2,Bermuda Rd,14.49,22.1,22.8,0.7
2026-05-15T14:46:00.982104,2026-05-15,14:46,Friday,3,S Eastern Ave,13.57,22.5,24.6,2.1
2026-05-15T14:51:01.679529,2026-05-15,14:51,Friday,1,S Maryland Pkwy,13.1,19.9,21.5,1.6
2026-05-15T14:51:01.679529,2026-05-15,14:51,Friday,2,Bermuda Rd,14.49,22.1,22.7,0.5
2026-05-15T14:51:01.679529,2026-05-15,14:51,Friday,3,S Eastern Ave,13.57,22.5,24.9,2.4
2026-05-15T14:56:02.217537,2026-05-15,14:56,Friday,1,S Maryland Pkwy,13.1,19.9,21.5,1.6
2026-05-15T14:56:02.217537,2026-05-15,14:56,Friday,2,Bermuda Rd,15.11,22.2,23.6,1.4
2026-05-15T14:56:02.217537,2026-05-15,14:56,Friday,3,S Eastern Ave,13.56,22.4,25.5,3.0
2026-05-15T15:01:03.031913,2026-05-15,15:01,Friday,1,S Maryland Pkwy,13.1,19.9,22.1,2.2
2026-05-15T15:01:03.031913,2026-05-15,15:01,Friday,2,Bermuda Rd,14.49,22.1,22.9,0.7
2026-05-15T15:01:03.031913,2026-05-15,15:01,Friday,3,S Eastern Ave,13.56,22.4,25.5,3.1
2026-05-15T16:28:30.850660,2026-05-15,16:28,Friday,1,S Maryland Pkwy,13.1,19.9,20.5,0.6
2026-05-15T16:28:30.850660,2026-05-15,16:28,Friday,2,Bermuda Rd,14.49,22.1,21.8,-0.3
2026-05-15T16:28:30.850660,2026-05-15,16:28,Friday,3,S Eastern Ave,13.56,22.4,24.2,1.8
